State,Homicide
TX,27
TX,9
MS,8
FL,6
CA,6
FL,5
WI,5
TX,5
NM,5
SC,4
OR,4
CO,4
WA,4
MS,4
OK,4
MS,4
ID,4
MS,4
KS,4
CA,4
LA,4
OH,4
IL,4
MN,4
KS,4
OH,4
IN,4
PA,4
CA,4
ME,4
PA,4
AL,4
SC,4
NC,4
CA,4
MO,4
IL,4
AZ,4
OH,4
UT,4
AZ,4
NJ,4
LA,3
CA,3
KY,3
MO,3
CA,3
KY,3
CO,3
NJ,3
OK,3
LA,3
GA,3
LA,3
TX,3
AL,3
MO,3
VA,3
TX,3
OK,3
NJ,3
MD,3
MI,3
FL,3
OK,3
TX,3
NC,3
IL,3
VA,3
FL,3
FL,3
TX,3
TX,3
IL,3
LA,3
CA,3
IL,3
LA,3
TX,3
LA,3
MI,3
MD,3
CA,3
IN,3
OK,3
PA,3
FL,3
IA,3
NC,3
FL,3
CA,3
OR,3
KS,3
CO,3
CA,3
FL,3
MO,3
PA,3
GA,3
MO,3
CA,3
KS,3
AR,3
LA,3
AR,3
SC,3
FL,3
OK,3
MI,3
AR,3
PA,3
TX,3
MN,3
MO,3
IN,3
LA,3
CA,3
PA,3
UT,3
MO,3
NV,3
TN,3
MO,3
LA,3
GA,3
ID,3
GA,3
IL,3
AL,3
NV,3
IN,3
PA,3
MO,3
OH,3
MT,3
FL,3
IL,3
WI,3
KS,3
KY,3
NY,3
FL,3
IL,3
GA,3
CA,3
CA,3
AL,3
IL,3
IL,3
VA,3
AK,3
TN,3
KY,3
OH,3
FL,3
SD,3
KS,3
FL,3
AL,3
FL,3
KY,3
MD,3
AR,3
CO,3
KS,3
WI,3
CO,3
CA,3
OR,3
AZ,3
OH,3
MI,3
MO,3
NC,3
WA,3
VA,3
PA,3
VA,3
LA,3
AR,3
NM,3
TX,3
CA,3
TX,3
NC,3
WI,3
GA,3
NV,3
MO,3
AZ,3
AZ,3
IN,3
NE,3
NV,3
TX,3
NV,3
CA,3
MI,2
OK,2
NC,2
MD,2
FL,2
IL,2
IL,2
IL,2
OH,2
AR,2
IN,2
PA,2
CA,2
AZ,2
FL,2
CA,2
AL,2
MO,2
FL,2
OH,2
IN,2
KY,2
TX,2
MI,2
SC,2
AL,2
AL,2
NJ,2
TN,2
SC,2
MT,2
NE,2
NY,2
WV,2
FL,2
CA,2
TX,2
FL,2
AL,2
UT,2
CA,2
FL,2
OR,2
GA,2
CA,2
TN,2
CA,2
IA,2
OH,2
OH,2
CA,2
TX,2
TX,2
FL,2
ND,2
SC,2
NV,2
AR,2
KY,2
TN,2
TN,2
GA,2
OK,2
GA,2
WA,2
MD,2
OH,2
AL,2
OK,2
MO,2
IN,2
OH,2
GA,2
IN,2
GA,2
TX,2
MI,2
GA,2
LA,2
FL,2
CA,2
OH,2
FL,2
MI,2
TX,2
TN,2
NC,2
CA,2
MD,2
CA,2
FL,2
AZ,2
CA,2
LA,2
MI,2
IL,2
NY,2
CA,2
OH,2
KY,2
OH,2
AL,2
SC,2
KY,2
OH,2
AR,2
IL,2
IL,2
WI,2
CA,2
PA,2
LA,2
MI,2
OH,2
KS,2
WV,2
CA,2
AL,2
TX,2
GA,2
NV,2
ME,2
GA,2
MD,2
FL,2
TX,2
TN,2
WI,2
MS,2
MO,2
LA,2
FL,2
TX,2
IL,2
LA,2
TX,2
TX,2
GA,2
TN,2
KY,2
OR,2
PA,2
MN,2
OR,2
MS,2
GA,2
OH,2
AZ,2
MA,2
TX,2
TN,2
TN,2
CA,2
CA,2
LA,2
AZ,2
TX,2
CA,2
GA,2
IL,2
CA,2
DE,2
CA,2
IL,2
CA,2
AK,2
OH,2
TX,2
OK,2
CA,2
OH,2
IL,2
IL,2
VA,2
CA,2
WI,2
FL,2
GA,2
FL,2
PA,2
TX,2
TX,2
CA,2
FL,2
TX,2
FL,2
GA,2
OH,2
GA,2
MO,2
PA,2
OH,2
TX,2
NC,2
TX,2
ID,2
ME,2
OH,2
AL,2
TX,2
TN,2
IL,2
GA,2
OR,2
IL,2
OH,2
VA,2
CA,2
WI,2
PA,2
TX,2
OH,2
CO,2
OK,2
NC,2
KY,2
PA,2
TX,2
IL,2
LA,2
IL,2
TX,2
OR,2
WV,2
MS,2
FL,2
CA,2
MS,2
TX,2
IN,2
AL,2
AZ,2
NJ,2
KS,2
TX,2
LA,2
TX,2
CA,2
TX,2
WV,2
WA,2
OH,2
PA,2
MO,2
GA,2
OH,2
TN,2
GA,2
TX,2
NV,2
AR,2
CA,2
CA,2
UT,2
TX,2
GA,2
TN,2
OH,2
AL,2
IN,2
CA,2
CA,2
OH,2
MO,2
OH,2
GA,2
TX,2
AK,2
FL,2
NE,2
MI,2
FL,2
MO,2
KY,2
PA,2
FL,2
VA,2
NY,2
WA,2
FL,2
VA,2
SC,2
IL,2
TX,2
AL,2
KY,2
IL,2
OK,2
OK,2
TX,2
IL,2
IL,2
IL,2
CA,2
SC,2
TN,2
NC,2
MD,2
TX,2
WV,2
TX,2
FL,2
IL,2
OH,2
IN,2
TX,2
MS,2
CA,2
CA,2
FL,2
MD,2
VA,2
MI,2
AZ,2
MS,2
AL,2
VA,2
TX,2
WA,2
FL,2
FL,2
TN,2
WV,2
TX,2
TN,2
OH,2
GA,2
AZ,2
KY,2
FL,2
WA,2
OH,2
FL,2
TX,2
OH,2
IL,2
CA,2
MO,2
IN,2
AZ,2
PA,2
WA,2
FL,2
OH,2
GA,2
AL,2
AL,2
KS,2
GA,2
CA,2
CA,2
MO,2
TX,2
CA,2
TX,2
FL,2
PA,2
GA,2
DE,2
TX,2
CO,2
AZ,2
AR,2
FL,2
NM,2
KY,2
WI,2
FL,2
CA,2
MD,2
CA,2
CT,2
GA,2
TX,2
SD,2
TX,2
GA,2
TX,2
CT,2
KY,2
CA,2
AZ,2
TX,2
TX,2
TX,2
TX,2
NV,2
TX,2
NC,2
NJ,2
TX,2
GA,2
TX,2
MI,2
IN,2
IL,2
TX,2
MT,2
IL,2
TX,2
AZ,2
TX,2
NC,2
MD,2
FL,2
NY,2
CA,2
FL,2
MA,2
PA,2
PA,2
KY,2
PA,2
MS,2
CO,2
IL,2
IL,2
VA,2
GA,2
TN,2
PA,2
TN,2
MD,2
OH,2
VA,2
MT,2
CA,2
AL,2
IN,2
NC,2
CA,2
PA,2
CA,2
AL,2
AZ,2
CA,2
OH,2
FL,2
NC,2
VA,2
SC,2
TX,2
CA,2
CA,2
AR,2
KS,2
TX,2
IL,2
NV,2
GA,2
AZ,2
TN,2
CA,2
MS,2
MO,2
NC,2
CA,2
OK,2
TX,2
LA,2
FL,2
IL,2
NM,2
AZ,2
OH,2
FL,2
NC,2
PA,2
FL,2
MI,2
LA,2
MS,2
MD,2
LA,2
AL,2
ID,2
VA,2
AL,2
AZ,2
TX,2
NM,2
OH,2
CA,2
TX,2
MO,2
MO,2
MA,2
PA,2
IL,2
KY,2
NJ,2
TX,2
MD,2
TX,2
NJ,2
CA,2
VA,2
WI,2
KY,2
IL,2
PA,2
AZ,2
FL,2
TX,2
IL,2
NJ,2
KY,2
KY,2
TX,2
FL,2
FL,2
FL,2
CA,2
FL,2
VA,2
OH,2
CA,2
MD,2
IL,2
AL,2
NJ,2
GA,2
GA,2
MD,2
AL,2
LA,2
OH,2
IN,2
UT,2
IA,2
TN,2
MD,2
KY,2
OR,2
NV,2
WI,2
LA,2
MI,2
CA,2
NV,2
KY,2
NC,2
FL,2
TN,2
CA,2
IL,2
MS,2
TN,2
MI,2
UT,2
TN,2
FL,2
WV,2
VA,2
TN,2
NY,2
AR,2
MD,2
KY,2
CA,2
PA,2
CA,2
CA,2
AL,2
OH,2
NV,2
GA,2
VA,2
CA,2
CA,2
LA,2
NC,2
SC,2
GA,2
CA,2
MD,2
IL,2
FL,2
UT,2
SC,2
NM,2
TX,2
AL,2
IL,2
NY,2
PA,2
TX,2
MO,2
NJ,2
AZ,2
CO,2
MO,2
WI,2
IL,2
PA,2
CA,2
AR,2
CA,2
AK,2
LA,2
TX,2
OH,2
NY,2
CT,2
FL,2
NY,2
IL,2
NM,2
MD,2
MS,2
GA,2
TX,2
AL,2
NY,2
AZ,2
OH,2
MO,2
TX,2
OK,2
MD,2
MD,2
NY,2
FL,2
OH,2
CA,2
NY,2
PA,2
IN,2
AZ,2
VA,2
SC,2
OH,2
PA,2
GA,2
FL,2
CA,2
NC,2
CA,2
NM,2
CA,2
IL,2
WA,2
PA,2
PA,2
ID,2
OH,2
AZ,2
TX,2
ID,2
MI,2
IL,2
TX,2
TX,2
SC,2
CA,2
AR,2
TN,2
NC,2
AL,2
VA,2
MN,2
AL,2
PA,2
AL,2
IN,2
VT,2
SC,2
OK,2
CA,2
TX,2
TX,2
MT,2
NC,2
NC,2
MO,2
LA,2
WI,2
MI,2
GA,2
DC,2
MS,2
KS,2
CO,2
WA,2
IN,2
WA,2
VA,2
TX,2
IL,2
CA,2
PA,2
ID,2
FL,2
FL,2
CA,2
NJ,2
GA,2
TX,2
ND,2
IL,2
IN,2
KS,2
WY,2
CA,2
MA,2
SC,2
GA,2
WA,2
MA,2
NY,2
GA,2
NJ,2
AK,2
WV,2
FL,2
IN,2
MI,2
IN,2
MD,2
PA,2
AL,2
IL,2
CA,2
NV,2
CA,2
IL,2
NC,2
LA,2
MD,2
NH,2
AL,2
TN,2
IL,2
FL,2
TX,2
TX,2
WA,2
CT,2
TN,2
OH,2
TX,2
IL,2
UT,2
PA,2
SC,2
CA,2
CA,2
GA,2
NC,2
AZ,2
SC,2
NC,2
IN,2
VA,2
IN,2
NJ,2
NM,2
MO,2
AL,2
TN,2
ID,2
PA,2
CA,2
MD,2
OH,2
NC,2
FL,2
IL,2
AL,2
IL,2
PA,2
TX,2
IN,2
IL,2
MO,2
CA,2
IL,2
NC,2
OK,2
MI,2
IL,2
FL,2
TX,2
OK,2
MI,2
NC,2
SC,2
LA,2
NC,2
LA,2
WA,2
NJ,2
MI,2
MI,2
SC,2
GA,2
SC,2
IN,2
TX,2
CA,2
MA,2
AL,2
FL,2
AL,2
NC,2
CA,2
SC,2
KY,2
MO,2
MI,2
IN,2
NJ,2
OH,2
IL,2
OH,2
GA,2
PA,2
AL,2
WI,2
KS,2
DC,2
MA,2
OK,2
TX,2
CA,2
IL,2
GA,2
CA,2
CA,2
VA,2
OH,2
CT,2
TN,2
NY,2
FL,2
SC,2
SC,2
MD,2
TN,2
AL,2
WA,2
MO,2
KS,2
LA,2
NJ,2
IL,2
CA,2
CA,2
CA,2
MI,2
IN,2
SC,2
TX,2
WA,2
VA,2
PA,2
GA,2
MD,2
KY,2
TX,2
OH,2
CA,2
NY,2
MD,2
NY,2
AL,2
MI,2
WV,2
GA,2
IL,2
NV,2
TX,2
NJ,2
VA,2
WA,2
AR,2
CA,2
MA,2
OH,2
FL,2
DC,2
PA,2
TN,2
CA,2
FL,2
GA,2
FL,2
WA,2
MS,2
IL,2
WA,2
TX,2
AL,2
FL,2
OH,2
MO,2
IL,2
DE,2
MT,2
GA,2
CA,2
MI,2
NC,2
CA,2
OH,2
VA,2
TX,2
AL,2
NM,2
PA,2
LA,2
FL,2
CA,2
LA,2
LA,2
MO,2
PA,2
OH,2
WI,2
MA,2
LA,2
CA,2
LA,2
CA,2
SC,2
VT,2
TX,2
IL,2
GA,2
IL,2
IN,2
TX,2
FL,2
MI,2
NJ,2
VA,2
IN,2
WA,2
TX,2
WI,2
TX,2
IL,2
NV,2
AL,2
NJ,2
MN,2
MO,2
TX,2
PA,2
WA,2
TX,2
CA,2
TX,2
OH,2
LA,2
MN,2
NV,2
FL,2
AL,2
KY,2
LA,2
PA,2
MO,2
TX,2
OR,2
IN,2
SC,2
CO,2
PA,2
GA,2
KY,2
NC,2
CA,2
MI,2
IL,2
CA,2
OH,2
GA,2
GA,2
IN,2
OK,2
PA,2
MN,2
MO,2
CA,2
FL,2
OH,2
GA,2
TN,2
NC,2
AL,2
IL,2
MN,2
OH,2
NM,2
NC,2
VA,2
PA,2
MI,2
IN,2
SC,2
CA,2
MI,2
KY,2
SC,2
FL,2
NM,2
SC,2
WI,2
PA,2
KS,2
MO,2
MT,2
TX,2
AZ,2
AZ,2
GA,2
CA,2
KS,2
MI,2
TX,2
AZ,2
SC,2
AR,2
MS,2
AL,2
OK,2
AL,2
NC,2
OH,2
OH,2
CO,2
TN,2
TN,2
GA,2
TN,2
OH,2
DE,2
PA,2
LA,2
VA,2
MN,2
MA,2
CA,2
LA,2
FL,2
MO,2
GA,2
CO,2
CA,2
FL,2
ME,2
CA,2
CA,2
FL,2
AZ,2
PA,2
TX,2
VA,2
IN,2
PA,2
OH,2
GA,2
FL,2
VA,2
TX,2
OH,2
IN,2
NY,2
MO,2
GA,2
MD,2
KY,2
CA,2
PA,2
NC,2
CA,2
FL,2
NC,2
CA,2
CA,2
NC,2
IL,2
MS,2
AZ,2
VA,2
MI,2
TX,2
MD,2
WA,2
IN,2
TX,2
FL,2
MI,2
KY,2
MO,2
WA,2
SC,2
AL,2
WA,2
TX,2
TX,2
NV,2
NC,2
MN,2
PA,2
VA,2
WA,2
OR,2
NY,2
TX,2
TN,2
VA,2
NJ,2
NJ,2
AL,2
NV,2
IN,2
AL,2
PA,2
TX,2
NV,2
FL,2
VA,2
SC,2
CA,2
CA,2
CA,2
LA,2
FL,2
IL,2
CO,2
OH,2
FL,2
UT,2
PA,1
IA,1
CA,1
CA,1
TX,1
TX,1
GA,1
MD,1
IL,1
TX,1
OR,1
MO,1
CT,1
MD,1
TX,1
SC,1
SD,1
OH,1
WI,1
OK,1
CA,1
GA,1
NY,1
TX,1
AL,1
NY,1
OH,1
OH,1
WA,1
TN,1
VA,1
OH,1
LA,1
LA,1
TX,1
PA,1
IL,1
NV,1
MO,1
TN,1
OH,1
MS,1
AL,1
TX,1
VA,1
CA,1
IL,1
NY,1
SC,1
WI,1
FL,1
MO,1
ID,1
GA,1
IL,1
IL,1
MI,1
NC,1
AZ,1
MD,1
PA,1
NJ,1
CA,1
MD,1
NC,1
MO,1
WI,1
NV,1
AR,1
FL,1
NC,1
NY,1
TX,1
FL,1
OH,1
AR,1
MS,1
IL,1
NJ,1
PA,1
CO,1
OH,1
PA,1
TX,1
TX,1
NC,1
OR,1
IN,1
VT,1
GA,1
MO,1
TN,1
MD,1
TX,1
CA,1
MI,1
AR,1
OH,1
LA,1
MS,1
OK,1
IL,1
TX,1
MO,1
TX,1
WI,1
NM,1
VA,1
MI,1
PA,1
MI,1
NJ,1
TX,1
IL,1
AL,1
NY,1
FL,1
IN,1
NC,1
LA,1
CA,1
IL,1
WA,1
PA,1
PA,1
CA,1
CA,1
MS,1
OH,1
PA,1
IN,1
OK,1
TX,1
AR,1
AZ,1
NY,1
FL,1
MD,1
FL,1
PA,1
FL,1
NC,1
OH,1
MO,1
KY,1
PA,1
CA,1
OH,1
NC,1
CA,1
SC,1
MO,1
PA,1
TX,1
TX,1
GA,1
CA,1
OH,1
PA,1
OH,1
NV,1
TN,1
CA,1
IL,1
IL,1
SC,1
VA,1
FL,1
NC,1
FL,1
FL,1
GA,1
LA,1
VA,1
LA,1
TX,1
FL,1
MI,1
OK,1
TN,1
FL,1
KY,1
CA,1
VA,1
IL,1
CA,1
NC,1
NY,1
OH,1
FL,1
ID,1
KY,1
IL,1
IA,1
LA,1
NY,1
PA,1
PA,1
CA,1
TX,1
CA,1
MI,1
NE,1
AZ,1
IL,1
MN,1
CA,1
OK,1
DC,1
CA,1
CT,1
GA,1
AZ,1
PA,1
KY,1
MD,1
WI,1
IL,1
OH,1
MO,1
LA,1
CA,1
TX,1
PA,1
NH,1
OK,1
MO,1
NM,1
WV,1
OH,1
IA,1
TX,1
MI,1
PA,1
CA,1
FL,1
MD,1
CO,1
CA,1
SC,1
CT,1
CA,1
GA,1
OH,1
OH,1
TX,1
DE,1
MD,1
LA,1
LA,1
CO,1
IL,1
FL,1
IL,1
IL,1
AZ,1
AZ,1
MN,1
FL,1
SC,1
IL,1
TN,1
MI,1
AL,1
IL,1
AR,1
VA,1
WA,1
CA,1
FL,1
TX,1
TX,1
TX,1
SC,1
ID,1
CA,1
WI,1
MO,1
NJ,1
OH,1
TX,1
TX,1
MA,1
KY,1
MO,1
TX,1
PA,1
MS,1
DE,1
LA,1
PA,1
AL,1
LA,1
TX,1
GA,1
IL,1
IL,1
MS,1
TX,1
MA,1
PA,1
IL,1
FL,1
OH,1
LA,1
AZ,1
VA,1
NY,1
FL,1
FL,1
MO,1
KS,1
SC,1
VA,1
LA,1
GA,1
GA,1
DE,1
MO,1
VA,1
OK,1
TN,1
TN,1
OR,1
IN,1
MI,1
TX,1
WV,1
NJ,1
GA,1
CA,1
TX,1
CA,1
NY,1
CA,1
NC,1
MD,1
MD,1
VA,1
LA,1
GA,1
GA,1
CA,1
TX,1
FL,1
FL,1
OH,1
OK,1
CA,1
OH,1
TX,1
MO,1
NE,1
MO,1
OH,1
LA,1
LA,1
CA,1
MN,1
CA,1
NE,1
FL,1
AL,1
DE,1
IN,1
IN,1
AL,1
PA,1
MO,1
IL,1
CA,1
MO,1
WA,1
IL,1
OH,1
LA,1
WI,1
NJ,1
CO,1
MS,1
TX,1
PA,1
NC,1
NJ,1
PA,1
CA,1
VA,1
OH,1
PA,1
LA,1
WV,1
MI,1
OK,1
NC,1
KY,1
WI,1
WA,1
TX,1
MD,1
VA,1
PA,1
FL,1
MN,1
GA,1
PA,1
NC,1
CA,1
CA,1
AZ,1
TX,1
SC,1
IL,1
LA,1
MD,1
AZ,1
TX,1
MD,1
IL,1
VA,1
NC,1
GA,1
MO,1
IL,1
TN,1
TX,1
MA,1
MS,1
AZ,1
GA,1
VA,1
TX,1
FL,1
HI,1
MD,1
OH,1
NV,1
OH,1
MA,1
IN,1
GA,1
MI,1
GA,1
PA,1
PA,1
NY,1
OH,1
IL,1
OH,1
CA,1
IL,1
MD,1
TN,1
KY,1
OH,1
AL,1
TN,1
TX,1
NY,1
ID,1
MS,1
OH,1
CA,1
TX,1
TX,1
CA,1
IN,1
IL,1
FL,1
IL,1
DE,1
TN,1
IL,1
VA,1
FL,1
FL,1
MI,1
IL,1
MI,1
TX,1
NV,1
NV,1
TX,1
AR,1
PA,1
MO,1
NC,1
MD,1
TX,1
TX,1
PA,1
MD,1
OK,1
TX,1
PA,1
MS,1
VA,1
SC,1
AZ,1
MO,1
CA,1
CA,1
IL,1
MD,1
MD,1
NE,1
IL,1
CA,1
FL,1
KS,1
VA,1
PA,1
LA,1
MI,1
AR,1
WA,1
VA,1
TX,1
KY,1
CA,1
TX,1
PA,1
IL,1
OH,1
NM,1
MS,1
NJ,1
NJ,1
MD,1
PA,1
AZ,1
VA,1
IN,1
IL,1
DC,1
TX,1
OH,1
OH,1
PA,1
TX,1
CA,1
TX,1
TX,1
IL,1
CA,1
NC,1
NV,1
WI,1
FL,1
MD,1
TN,1
NM,1
MD,1
IL,1
NC,1
FL,1
AL,1
AL,1
CA,1
FL,1
FL,1
NC,1
OK,1
VA,1
CA,1
MO,1
TX,1
GA,1
FL,1
MT,1
IN,1
GA,1
TX,1
TX,1
OH,1
KY,1
NJ,1
CA,1
IL,1
MI,1
AR,1
DC,1
CA,1
FL,1
LA,1
IL,1
MO,1
CA,1
CA,1
IL,1
CA,1
TX,1
DC,1
FL,1
VA,1
TN,1
VA,1
DE,1
KS,1
MO,1
MO,1
TX,1
TX,1
NY,1
FL,1
NJ,1
CA,1
TN,1
IL,1
OK,1
FL,1
MO,1
OK,1
NC,1
PA,1
TX,1
CA,1
CA,1
NM,1
IL,1
FL,1
KY,1
IN,1
WV,1
LA,1
IL,1
ID,1
CA,1
AL,1
MA,1
SC,1
NE,1
GA,1
TN,1
AL,1
NY,1
MS,1
NY,1
TX,1
CA,1
VA,1
TN,1
NC,1
FL,1
TX,1
TX,1
MO,1
LA,1
IN,1
VA,1
OH,1
NC,1
CA,1
IN,1
LA,1
IL,1
MO,1
MO,1
MD,1
NC,1
NE,1
VA,1
NV,1
MO,1
CA,1
IL,1
SC,1
ID,1
CO,1
MS,1
IL,1
AR,1
TX,1
WV,1
MD,1
TX,1
WA,1
PA,1
WA,1
CA,1
KY,1
TX,1
AL,1
AR,1
TN,1
LA,1
NC,1
SC,1
WI,1
MS,1
MD,1
MD,1
IL,1
FL,1
MS,1
FL,1
MO,1
FL,1
GA,1
FL,1
WA,1
CA,1
OK,1
IL,1
NC,1
FL,1
DE,1
IL,1
LA,1
PA,1
CT,1
CA,1
TN,1
GA,1
NC,1
CA,1
CA,1
IL,1
OR,1
VA,1
GA,1
NV,1
NJ,1
NV,1
TN,1
OH,1
TN,1
PA,1
FL,1
AL,1
IL,1
NV,1
NV,1
AK,1
CA,1
OH,1
SC,1
IL,1
IL,1
NV,1
SC,1
LA,1
MO,1
MS,1
IL,1
OK,1
TX,1
IL,1
PA,1
IL,1
GA,1
MA,1
CT,1
MA,1
TX,1
NM,1
TX,1
IL,1
NJ,1
MS,1
GA,1
IL,1
NJ,1
TN,1
NC,1
TX,1
LA,1
AR,1
MI,1
TX,1
MD,1
MI,1
TX,1
IA,1
ND,1
TN,1
OH,1
KS,1
PA,1
VA,1
KY,1
UT,1
MI,1
GA,1
TX,1
CA,1
AZ,1
NC,1
PA,1
MO,1
DE,1
VT,1
AK,1
AK,1
TX,1
TX,1
CA,1
TX,1
MO,1
SC,1
ME,1
WA,1
MI,1
MD,1
CA,1
MD,1
LA,1
TX,1
KY,1
IL,1
MO,1
CO,1
CA,1
IL,1
FL,1
PA,1
IL,1
IN,1
IL,1
FL,1
MD,1
PA,1
FL,1
MS,1
GA,1
CA,1
IL,1
NJ,1
WI,1
LA,1
FL,1
FL,1
VA,1
DE,1
NV,1
IN,1
CA,1
NC,1
MT,1
NC,1
GA,1
CO,1
WI,1
NV,1
AL,1
TX,1
AL,1
AL,1
TX,1
PA,1
TN,1
MO,1
CA,1
AZ,1
MS,1
MI,1
TX,1
MD,1
NY,1
OH,1
OH,1
MS,1
MD,1
WI,1
NY,1
OK,1
MO,1
AL,1
AL,1
MD,1
OR,1
NC,1
FL,1
TN,1
OK,1
NE,1
OH,1
LA,1
AL,1
IL,1
MO,1
PA,1
AR,1
IL,1
IN,1
NC,1
FL,1
OR,1
IN,1
CA,1
MD,1
OH,1
WI,1
SC,1
VA,1
MI,1
VA,1
NC,1
GA,1
VA,1
MO,1
CO,1
OK,1
IN,1
CA,1
AL,1
MO,1
TN,1
OH,1
OH,1
MO,1
LA,1
NY,1
IL,1
VA,1
TX,1
PA,1
CA,1
MS,1
TX,1
PA,1
TX,1
AZ,1
TX,1
FL,1
IL,1
GA,1
KS,1
MD,1
OH,1
KS,1
IL,1
SC,1
CA,1
AZ,1
OH,1
GA,1
MD,1
TX,1
WI,1
FL,1
NC,1
MD,1
MN,1
SC,1
VA,1
SC,1
MO,1
OH,1
TX,1
TN,1
IL,1
TX,1
NC,1
TX,1
WA,1
MO,1
CA,1
MO,1
TX,1
CA,1
AZ,1
NJ,1
CA,1
FL,1
PA,1
OK,1
OH,1
NV,1
FL,1
IN,1
CA,1
MI,1
CT,1
KS,1
DE,1
CA,1
MO,1
WA,1
NC,1
MI,1
LA,1
MS,1
VA,1
CT,1
LA,1
OH,1
NC,1
MO,1
TX,1
VA,1
MN,1
AZ,1
VA,1
FL,1
TX,1
OR,1
AZ,1
FL,1
FL,1
IL,1
MD,1
MD,1
TX,1
DC,1
IL,1
UT,1
TN,1
CA,1
LA,1
IN,1
AL,1
CA,1
VA,1
CA,1
AL,1
NC,1
CT,1
CO,1
IN,1
TX,1
FL,1
NY,1
IN,1
NY,1
AR,1
FL,1
IL,1
WA,1
NC,1
MD,1
MA,1
CA,1
NJ,1
OK,1
AR,1
MD,1
TX,1
KY,1
NC,1
GA,1
IL,1
TX,1
IN,1
NY,1
TN,1
MO,1
OH,1
TX,1
AL,1
KY,1
AL,1
FL,1
IL,1
IL,1
NE,1
NJ,1
CA,1
MD,1
NM,1
TX,1
NJ,1
CO,1
CA,1
MI,1
OH,1
WI,1
TN,1
PA,1
KY,1
TX,1
TN,1
GA,1
AL,1
VA,1
TX,1
NC,1
MO,1
AZ,1
LA,1
IN,1
OH,1
TX,1
AK,1
FL,1
AL,1
FL,1
CA,1
WI,1
MI,1
CA,1
MN,1
LA,1
NC,1
PA,1
IL,1
TX,1
NM,1
TX,1
WI,1
TX,1
IA,1
CA,1
NM,1
CA,1
NC,1
CA,1
PA,1
MD,1
MO,1
TX,1
TX,1
MO,1
DC,1
SC,1
NC,1
AK,1
IA,1
MD,1
MI,1
NJ,1
MO,1
TX,1
WI,1
AL,1
KS,1
IL,1
AR,1
IL,1
GA,1
TN,1
TX,1
TX,1
FL,1
CA,1
MD,1
FL,1
SC,1
PA,1
IN,1
IL,1
MI,1
KY,1
CA,1
KY,1
LA,1
SC,1
ID,1
AL,1
FL,1
OH,1
NC,1
WV,1
IL,1
MI,1
NM,1
TX,1
TX,1
TX,1
PA,1
GA,1
AL,1
MD,1
NY,1
AL,1
CA,1
MD,1
FL,1
IL,1
IL,1
SC,1
AL,1
GA,1
PA,1
NM,1
KY,1
MA,1
TX,1
PA,1
TX,1
KY,1
FL,1
OH,1
NY,1
IL,1
MI,1
NC,1
SC,1
MD,1
FL,1
MD,1
FL,1
FL,1
GA,1
MO,1
LA,1
MO,1
AL,1
TX,1
CA,1
KY,1
GA,1
MI,1
MO,1
IL,1
CA,1
MA,1
MS,1
TX,1
MO,1
NJ,1
FL,1
GA,1
FL,1
FL,1
TX,1
TX,1
WA,1
IL,1
GA,1
TX,1
VA,1
FL,1
MS,1
MD,1
DC,1
NC,1
CA,1
CA,1
TX,1
FL,1
VA,1
FL,1
NY,1
TX,1
MD,1
LA,1
FL,1
KS,1
IN,1
CA,1
NM,1
VA,1
MD,1
NC,1
IL,1
IN,1
SC,1
VA,1
PA,1
OK,1
GA,1
GA,1
OH,1
WA,1
AL,1
CA,1
CO,1
CA,1
TN,1
MA,1
GA,1
CO,1
CO,1
FL,1
GA,1
MI,1
OH,1
AL,1
LA,1
PA,1
MO,1
MS,1
GA,1
OH,1
TN,1
NJ,1
CA,1
SC,1
OH,1
CA,1
TX,1
GA,1
CO,1
FL,1
GA,1
GA,1
NC,1
FL,1
CA,1
FL,1
IN,1
AR,1
CO,1
AL,1
KY,1
MO,1
IA,1
CA,1
TN,1
OK,1
TX,1
FL,1
VA,1
VA,1
MD,1
TN,1
GA,1
IN,1
NJ,1
TX,1
OH,1
TX,1
IN,1
OK,1
CA,1
CT,1
NM,1
NC,1
DC,1
AL,1
CO,1
PA,1
KY,1
OH,1
ND,1
LA,1
GA,1
MD,1
OH,1
FL,1
CA,1
GA,1
OH,1
AL,1
FL,1
FL,1
NY,1
FL,1
MS,1
CA,1
NC,1
GA,1
AL,1
PA,1
CA,1
PA,1
PA,1
MD,1
SC,1
OH,1
AR,1
IL,1
TX,1
FL,1
GA,1
NY,1
TX,1
AL,1
MA,1
MD,1
AK,1
IN,1
OK,1
OH,1
MS,1
AL,1
CA,1
OH,1
PA,1
IN,1
CA,1
IN,1
IL,1
TX,1
MD,1
MA,1
MO,1
OR,1
MD,1
IN,1
WA,1
WA,1
IL,1
NM,1
TN,1
MO,1
TX,1
NH,1
MO,1
TX,1
TN,1
MS,1
MA,1
IL,1
TN,1
AL,1
MO,1
FL,1
MO,1
CA,1
VA,1
IN,1
GA,1
MO,1
LA,1
LA,1
IL,1
OH,1
MO,1
NJ,1
WA,1
NC,1
MO,1
NC,1
IL,1
OK,1
GA,1
TX,1
GA,1
WA,1
PA,1
KY,1
CA,1
FL,1
GA,1
IA,1
CA,1
KY,1
TX,1
WI,1
HI,1
IA,1
KY,1
TN,1
IL,1
TX,1
NY,1
MI,1
LA,1
IL,1
GA,1
MO,1
CA,1
IL,1
SC,1
ID,1
WA,1
MN,1
CT,1
NC,1
IL,1
IL,1
SC,1
IL,1
NV,1
OH,1
OH,1
FL,1
OH,1
OH,1
TN,1
FL,1
NV,1
NY,1
MS,1
MD,1
AL,1
AZ,1
TN,1
IL,1
SC,1
IL,1
CA,1
CA,1
DC,1
MO,1
NY,1
NC,1
TN,1
IA,1
TX,1
TX,1
TX,1
FL,1
CA,1
NC,1
MD,1
NV,1
CA,1
CA,1
KY,1
AR,1
IL,1
KS,1
MI,1
KY,1
OR,1
CA,1
CA,1
AR,1
IL,1
MD,1
GA,1
CA,1
OH,1
OH,1
MI,1
AZ,1
IN,1
MO,1
WI,1
TX,1
AL,1
LA,1
MI,1
TX,1
AZ,1
TN,1
PA,1
TX,1
TX,1
KY,1
CO,1
MS,1
FL,1
AL,1
GA,1
MA,1
MO,1
VA,1
OH,1
MN,1
PA,1
OH,1
IN,1
KY,1
CO,1
NV,1
OR,1
LA,1
OK,1
PA,1
MS,1
NC,1
OH,1
MD,1
KY,1
CA,1
CA,1
IL,1
LA,1
TX,1
IN,1
FL,1
CA,1
TX,1
MN,1
AR,1
IL,1
GA,1
IN,1
OH,1
AL,1
IN,1
IL,1
MI,1
IL,1
OH,1
CA,1
CA,1
NC,1
OR,1
CA,1
NJ,1
AL,1
IL,1
MS,1
IL,1
TX,1
LA,1
LA,1
NC,1
FL,1
CA,1
GA,1
MO,1
NM,1
NC,1
VA,1
CA,1
OK,1
AL,1
SC,1
MO,1
NC,1
IL,1
TX,1
TN,1
CO,1
NV,1
PA,1
FL,1
IL,1
CA,1
CA,1
IN,1
OH,1
PA,1
LA,1
NY,1
NY,1
FL,1
OH,1
CA,1
NJ,1
WV,1
NY,1
OH,1
OK,1
NV,1
MO,1
IL,1
AL,1
MS,1
GA,1
OK,1
WI,1
TX,1
AL,1
TX,1
CA,1
VA,1
AK,1
UT,1
WY,1
TX,1
OH,1
MA,1
MI,1
CO,1
AK,1
TX,1
TX,1
SC,1
KY,1
PA,1
IL,1
TX,1
CA,1
KY,1
OK,1
WI,1
MI,1
MI,1
KY,1
OH,1
WV,1
NC,1
FL,1
TX,1
NV,1
UT,1
IA,1
OH,1
TX,1
MS,1
AR,1
OH,1
TX,1
SC,1
OH,1
CA,1
DC,1
AK,1
FL,1
FL,1
CA,1
FL,1
MD,1
MD,1
NC,1
CA,1
TN,1
CA,1
VA,1
NC,1
IL,1
PA,1
WI,1
CA,1
CO,1
TN,1
NC,1
CA,1
MO,1
NM,1
MI,1
DE,1
AR,1
AR,1
CT,1
MI,1
MN,1
ME,1
IL,1
IN,1
CO,1
NC,1
IL,1
WA,1
MS,1
PA,1
TX,1
TX,1
AZ,1
SC,1
OH,1
OH,1
LA,1
OH,1
NY,1
TX,1
NJ,1
IL,1
OH,1
NY,1
VA,1
VA,1
PA,1
PA,1
TN,1
FL,1
TX,1
AL,1
MO,1
SC,1
SC,1
MN,1
VA,1
GA,1
TN,1
AL,1
MI,1
NV,1
AR,1
NC,1
OR,1
AL,1
IL,1
TX,1
MI,1
CA,1
AZ,1
WI,1
MS,1
LA,1
FL,1
FL,1
TX,1
TN,1
NY,1
TX,1
FL,1
NC,1
IL,1
FL,1
MO,1
IN,1
OH,1
TN,1
MO,1
NC,1
TX,1
MS,1
LA,1
IL,1
OH,1
LA,1
WA,1
CO,1
TX,1
UT,1
MO,1
MA,1
NJ,1
LA,1
TX,1
SC,1
NY,1
NC,1
OR,1
OH,1
PA,1
FL,1
IL,1
WV,1
AL,1
SC,1
AL,1
WA,1
UT,1
NV,1
NY,1
PA,1
OH,1
TX,1
IN,1
IL,1
OH,1
TX,1
TX,1
MD,1
CA,1
MS,1
FL,1
IL,1
TX,1
WV,1
NJ,1
IL,1
IN,1
CA,1
WA,1
MN,1
IL,1
KS,1
IL,1
IL,1
TX,1
OK,1
GA,1
MD,1
FL,1
TX,1
TX,1
FL,1
OH,1
AL,1
IA,1
MI,1
CA,1
IL,1
TX,1
LA,1
LA,1
LA,1
MD,1
LA,1
OH,1
DC,1
PA,1
KS,1
DE,1
MS,1
WI,1
GA,1
AR,1
NY,1
NV,1
SC,1
LA,1
CA,1
OH,1
FL,1
PA,1
MS,1
MD,1
GA,1
KS,1
CA,1
SC,1
KY,1
MI,1
IN,1
LA,1
VA,1
PA,1
FL,1
AZ,1
NC,1
CA,1
TX,1
TX,1
MO,1
FL,1
PA,1
CT,1
AR,1
TX,1
OH,1
NV,1
MS,1
WI,1
SC,1
CA,1
MD,1
TX,1
AL,1
FL,1
CO,1
CA,1
CA,1
AL,1
MN,1
NJ,1
WA,1
FL,1
FL,1
KY,1
MO,1
GA,1
MI,1
LA,1
OH,1
NJ,1
MD,1
AL,1
GA,1
MO,1
CA,1
CA,1
NC,1
IN,1
KY,1
MD,1
CA,1
KS,1
IN,1
CA,1
TX,1
IL,1
FL,1
FL,1
CA,1
IN,1
TN,1
IL,1
CA,1
PA,1
UT,1
NC,1
OH,1
CA,1
PA,1
TX,1
AR,1
LA,1
PA,1
TN,1
FL,1
SC,1
AR,1
TX,1
AL,1
MS,1
AL,1
NC,1
OK,1
CO,1
FL,1
OH,1
WI,1
PA,1
CA,1
TN,1
TX,1
PA,1
AZ,1
DC,1
CA,1
MO,1
LA,1
TX,1
MO,1
TX,1
FL,1
FL,1
OH,1
TX,1
TX,1
AL,1
CA,1
CA,1
TX,1
TX,1
DE,1
IN,1
AL,1
LA,1
CA,1
SC,1
CA,1
GA,1
AR,1
TN,1
LA,1
MO,1
GA,1
WA,1
VA,1
MD,1
IL,1
OH,1
FL,1
TN,1
ME,1
CA,1
NY,1
MO,1
MS,1
GA,1
NJ,1
PA,1
PA,1
IN,1
OH,1
FL,1
OH,1
PA,1
TX,1
MS,1
DC,1
TX,1
NJ,1
WI,1
LA,1
TX,1
PA,1
CA,1
CA,1
DC,1
LA,1
LA,1
KY,1
FL,1
WA,1
SC,1
AZ,1
AL,1
MO,1
VA,1
LA,1
TX,1
NV,1
TX,1
IA,1
TX,1
NJ,1
GA,1
MS,1
CA,1
MD,1
SC,1
LA,1
MO,1
MD,1
WI,1
CA,1
AK,1
GA,1
OK,1
MN,1
KY,1
GA,1
NV,1
KS,1
CA,1
TN,1
MS,1
TX,1
GA,1
CO,1
AL,1
AZ,1
AL,1
IN,1
MD,1
MO,1
AR,1
WA,1
MO,1
LA,1
AR,1
FL,1
TX,1
FL,1
CA,1
TX,1
CA,1
OK,1
NC,1
MO,1
TX,1
DC,1
NV,1
CA,1
KY,1
CA,1
MI,1
GA,1
KS,1
HI,1
MO,1
NY,1
SC,1
CA,1
MI,1
CA,1
FL,1
OH,1
VA,1
CA,1
FL,1
OK,1
CA,1
MO,1
AL,1
MT,1
FL,1
TN,1
OK,1
IL,1
OH,1
OH,1
OK,1
MI,1
CA,1
CA,1
CA,1
AZ,1
CA,1
MO,1
SC,1
NJ,1
CA,1
TN,1
CA,1
NC,1
MI,1
GA,1
NY,1
MS,1
MD,1
OK,1
NY,1
WA,1
OH,1
GA,1
PA,1
PA,1
SC,1
TX,1
IA,1
AL,1
CA,1
KS,1
MO,1
AR,1
WA,1
NC,1
TX,1
MO,1
IL,1
GA,1
TX,1
NE,1
TX,1
NY,1
IL,1
IN,1
KY,1
KS,1
IL,1
NJ,1
WA,1
IN,1
AR,1
NC,1
MS,1
FL,1
TX,1
OH,1
IL,1
NY,1
CA,1
NJ,1
CA,1
MD,1
LA,1
FL,1
NY,1
IL,1
PA,1
GA,1
CA,1
NC,1
IL,1
NY,1
PA,1
TX,1
WI,1
CA,1
FL,1
CA,1
NM,1
NC,1
PA,1
DE,1
MO,1
TX,1
SC,1
NY,1
LA,1
MA,1
NJ,1
TX,1
GA,1
IL,1
AK,1
MD,1
PA,1
TN,1
OR,1
LA,1
OH,1
AL,1
MD,1
CT,1
CA,1
CA,1
LA,1
FL,1
CA,1
CA,1
AL,1
TX,1
TX,1
MO,1
IL,1
AL,1
MS,1
FL,1
FL,1
CA,1
CA,1
KS,1
TX,1
CA,1
MD,1
MD,1
GA,1
TX,1
NY,1
SC,1
CA,1
FL,1
CA,1
FL,1
GA,1
KS,1
MO,1
NC,1
GA,1
CA,1
DC,1
OH,1
AR,1
SC,1
CA,1
PA,1
NC,1
IL,1
TX,1
OR,1
PA,1
GA,1
FL,1
FL,1
TX,1
WA,1
SC,1
CA,1
IL,1
NC,1
TX,1
SC,1
TN,1
TN,1
FL,1
OH,1
TX,1
FL,1
FL,1
CA,1
IL,1
CA,1
CA,1
AZ,1
MD,1
IL,1
WI,1
CA,1
CA,1
VA,1
FL,1
CA,1
CA,1
MO,1
IN,1
GA,1
CA,1
TX,1
TX,1
PA,1
MD,1
TX,1
NJ,1
IN,1
TN,1
NV,1
MI,1
NM,1
NM,1
FL,1
NJ,1
TN,1
FL,1
FL,1
WA,1
MI,1
PA,1
LA,1
FL,1
NY,1
FL,1
CA,1
PA,1
OH,1
NV,1
CA,1
KY,1
MD,1
LA,1
IL,1
OH,1
NY,1
MD,1
TN,1
OH,1
NJ,1
WI,1
TX,1
UT,1
CA,1
MI,1
OH,1
OK,1
TX,1
NV,1
TX,1
SC,1
TX,1
WA,1
MD,1
AK,1
TN,1
MD,1
PA,1
NC,1
TN,1
CO,1
NC,1
MS,1
NC,1
CA,1
MO,1
SC,1
PA,1
WA,1
TX,1
FL,1
FL,1
KY,1
NV,1
NC,1
NY,1
NJ,1
TN,1
MD,1
CA,1
CA,1
MT,1
LA,1
NY,1
SC,1
AL,1
MD,1
TX,1
NV,1
TX,1
CA,1
MN,1
CA,1
TX,1
TX,1
AZ,1
AZ,1
TN,1
AL,1
CO,1
CA,1
CO,1
TX,1
NY,1
FL,1
GA,1
MA,1
NH,1
FL,1
FL,1
MD,1
CO,1
TX,1
PA,1
IL,1
NV,1
FL,1
FL,1
TN,1
NC,1
LA,1
NJ,1
TN,1
VA,1
LA,1
NC,1
TX,1
TX,1
PA,1
WI,1
TX,1
VA,1
MI,1
LA,1
IL,1
MD,1
OH,1
IA,1
CA,1
ME,1
CA,1
GA,1
CA,1
CA,1
TN,1
IL,1
NC,1
OH,1
CT,1
TN,1
KS,1
AZ,1
IL,1
DC,1
CA,1
FL,1
MN,1
MD,1
CA,1
KY,1
DC,1
TX,1
IL,1
OK,1
MD,1
MS,1
LA,1
AR,1
TN,1
LA,1
SC,1
NV,1
AL,1
PA,1
OH,1
SC,1
TN,1
TX,1
GA,1
NC,1
KY,1
IL,1
LA,1
MI,1
IN,1
PA,1
TX,1
MI,1
ID,1
CA,1
CT,1
MS,1
OH,1
GA,1
FL,1
AR,1
OK,1
NJ,1
AL,1
MO,1
MI,1
FL,1
TN,1
LA,1
AR,1
LA,1
NV,1
WI,1
TX,1
CA,1
AR,1
MD,1
NY,1
MD,1
TX,1
CA,1
FL,1
NC,1
CA,1
SD,1
PA,1
AL,1
SC,1
AL,1
AL,1
NY,1
MN,1
KS,1
TN,1
TX,1
KY,1
NC,1
KY,1
NY,1
TX,1
TX,1
AR,1
PA,1
MS,1
FL,1
NY,1
MO,1
MO,1
FL,1
TX,1
FL,1
CA,1
PA,1
PA,1
KY,1
AZ,1
NY,1
SC,1
AR,1
OH,1
MS,1
CA,1
CA,1
MN,1
DC,1
WV,1
CA,1
AZ,1
MI,1
IL,1
CA,1
NC,1
FL,1
OH,1
OK,1
PA,1
TN,1
CA,1
IL,1
OK,1
VA,1
NC,1
NV,1
FL,1
OH,1
NC,1
GA,1
MI,1
GA,1
CA,1
NC,1
PA,1
FL,1
MO,1
AZ,1
KY,1
FL,1
MO,1
NC,1
IL,1
MO,1
SC,1
NJ,1
FL,1
TX,1
OK,1
TX,1
SC,1
OH,1
TX,1
OH,1
TX,1
CO,1
CO,1
SC,1
NC,1
OH,1
GA,1
AZ,1
KY,1
MI,1
NC,1
GA,1
MD,1
IN,1
AL,1
WI,1
PA,1
FL,1
TX,1
NC,1
AL,1
NC,1
AR,1
TN,1
NY,1
OH,1
TN,1
NJ,1
AR,1
DC,1
MS,1
TX,1
MI,1
CA,1
CA,1
CA,1
GA,1
TX,1
LA,1
NC,1
OR,1
WA,1
AL,1
LA,1
TX,1
MI,1
PA,1
AZ,1
NY,1
CA,1
LA,1
MO,1
FL,1
TN,1
OK,1
CA,1
CO,1
MS,1
MO,1
GA,1
WI,1
MD,1
OH,1
MD,1
NC,1
FL,1
FL,1
CA,1
OH,1
LA,1
OH,1
IL,1
TX,1
LA,1
NV,1
NC,1
CA,1
CA,1
OH,1
AL,1
DC,1
AL,1
CA,1
CA,1
OH,1
CA,1
CA,1
TX,1
NJ,1
CA,1
GA,1
OH,1
IL,1
IL,1
AL,1
DE,1
DC,1
KY,1
OK,1
NV,1
MO,1
TX,1
SC,1
MI,1
NC,1
OH,1
PA,1
IN,1
WV,1
TX,1
CA,1
PA,1
CA,1
FL,1
TX,1
IL,1
PA,1
SC,1
TN,1
MO,1
MD,1
AL,1
CA,1
MD,1
AL,1
CA,1
TX,1
WI,1
IL,1
TX,1
AR,1
TX,1
CA,1
IL,1
MI,1
NJ,1
TX,1
FL,1
TX,1
CA,1
OH,1
AL,1
MD,1
MD,1
GA,1
TX,1
LA,1
TN,1
FL,1
NM,1
AR,1
AR,1
OK,1
FL,1
FL,1
NV,1
FL,1
OK,1
TX,1
TX,1
MD,1
FL,1
MI,1
TN,1
FL,1
OK,1
NY,1
FL,1
LA,1
CA,1
CA,1
TN,1
SC,1
AR,1
OH,1
CA,1
IN,1
MO,1
MA,1
OH,1
MD,1
MS,1
OR,1
MI,1
TN,1
CA,1
SC,1
TX,1
NJ,1
CA,1
CA,1
OH,1
OH,1
CA,1
GA,1
CA,1
PA,1
NC,1
IN,1
NC,1
CA,1
AZ,1
AR,1
MA,1
VA,1
NC,1
FL,1
NJ,1
NH,1
FL,1
NE,1
OH,1
DC,1
MO,1
AL,1
NC,1
MO,1
NC,1
PA,1
TX,1
TX,1
LA,1
KY,1
IN,1
IN,1
CA,1
CA,1
FL,1
AL,1
LA,1
TN,1
TX,1
CT,1
MI,1
TX,1
GA,1
DE,1
NV,1
WI,1
TX,1
GA,1
KY,1
OK,1
NC,1
MD,1
KY,1
CA,1
KY,1
MS,1
NY,1
NC,1
TN,1
CA,1
VA,1
IL,1
PA,1
MS,1
NC,1
TX,1
IN,1
FL,1
FL,1
KY,1
FL,1
NV,1
IL,1
CO,1
IL,1
TN,1
MI,1
CA,1
MI,1
IL,1
CA,1
TX,1
AL,1
NY,1
AL,1
NJ,1
TX,1
TX,1
KY,1
TX,1
MN,1
AZ,1
TX,1
MD,1
FL,1
TN,1
KY,1
IL,1
SC,1
UT,1
WA,1
TX,1
FL,1
LA,1
WI,1
CA,1
TN,1
VA,1
AL,1
KS,1
TX,1
GA,1
TN,1
MI,1
MO,1
PA,1
NJ,1
OH,1
GA,1
CA,1
CA,1
MI,1
CA,1
CA,1
IL,1
TX,1
TX,1
IN,1
AR,1
SC,1
TX,1
TX,1
MI,1
SC,1
SC,1
NJ,1
OH,1
NY,1
FL,1
PA,1
PA,1
FL,1
FL,1
IL,1
IL,1
AL,1
FL,1
FL,1
FL,1
NC,1
PA,1
WA,1
CA,1
CA,1
VA,1
MO,1
AZ,1
GA,1
NC,1
NV,1
IL,1
TX,1
WI,1
GA,1
WA,1
CA,1
MI,1
LA,1
TX,1
NV,1
NC,1
TN,1
LA,1
NY,1
CO,1
GA,1
VA,1
PA,1
SC,1
MI,1
AL,1
SC,1
PA,1
NE,1
FL,1
GA,1
CA,1
FL,1
CA,1
IL,1
TN,1
CA,1
TX,1
NC,1
FL,1
NC,1
NY,1
MO,1
MO,1
NC,1
MN,1
TN,1
TX,1
MO,1
LA,1
MI,1
MO,1
CA,1
OH,1
CA,1
OH,1
NC,1
KS,1
PA,1
LA,1
MD,1
TN,1
FL,1
PA,1
PA,1
CA,1
NY,1
IL,1
IN,1
PA,1
TN,1
AZ,1
MO,1
GA,1
GA,1
CO,1
LA,1
PA,1
CA,1
NH,1
AR,1
TX,1
UT,1
NJ,1
MN,1
GA,1
CA,1
MI,1
NY,1
MS,1
NY,1
IL,1
OK,1
CA,1
TN,1
IL,1
MO,1
IN,1
CA,1
OH,1
MI,1
NJ,1
PA,1
OH,1
SC,1
TX,1
AL,1
SC,1
KS,1
MD,1
CA,1
CA,1
MD,1
GA,1
NJ,1
TN,1
CA,1
AK,1
GA,1
TX,1
MO,1
MO,1
NV,1
VA,1
TX,1
IL,1
TX,1
AL,1
FL,1
IN,1
NC,1
LA,1
AZ,1
CA,1
FL,1
FL,1
OK,1
CA,1
VA,1
NM,1
MI,1
TX,1
CT,1
AR,1
NC,1
NJ,1
AL,1
AR,1
NY,1
MI,1
CA,1
MO,1
PA,1
MI,1
AZ,1
AL,1
MI,1
WA,1
MD,1
MS,1
TX,1
OH,1
TN,1
IN,1
NC,1
NJ,1
TN,1
IN,1
FL,1
FL,1
TX,1
LA,1
LA,1
OH,1
MN,1
IL,1
NM,1
MI,1
MO,1
MI,1
CT,1
IL,1
SD,1
FL,1
OH,1
TX,1
MS,1
FL,1
GA,1
IN,1
GA,1
IL,1
IL,1
CA,1
TN,1
AK,1
CA,1
NH,1
AR,1
KS,1
WI,1
TX,1
CA,1
MS,1
IL,1
TX,1
NV,1
KY,1
TN,1
ME,1
AL,1
SC,1
TN,1
CA,1
WA,1
OH,1
CA,1
CA,1
LA,1
NV,1
AR,1
AZ,1
SC,1
WI,1
PA,1
TN,1
NY,1
AL,1
FL,1
WI,1
FL,1
IL,1
IL,1
CA,1
OH,1
VA,1
PA,1
CA,1
KS,1
GA,1
CA,1
CA,1
TN,1
OH,1
IL,1
TN,1
MO,1
IL,1
IN,1
NC,1
MD,1
TX,1
IL,1
AL,1
GA,1
GA,1
PA,1
TX,1
IN,1
OH,1
IL,1
CA,1
DC,1
MI,1
FL,1
FL,1
OH,1
NM,1
MO,1
NJ,1
TX,1
FL,1
MI,1
WV,1
GA,1
IN,1
PA,1
TX,1
MT,1
IN,1
NJ,1
FL,1
FL,1
MD,1
NV,1
OH,1
NC,1
MO,1
MI,1
IL,1
NV,1
MS,1
AL,1
KY,1
IL,1
IL,1
NJ,1
CA,1
TX,1
GA,1
TX,1
IL,1
FL,1
WA,1
MA,1
MD,1
CA,1
LA,1
NJ,1
TX,1
CA,1
CA,1
FL,1
NY,1
VA,1
NC,1
TX,1
IL,1
MS,1
GA,1
NM,1
WA,1
CA,1
KY,1
PA,1
VA,1
FL,1
GA,1
TX,1
CA,1
SC,1
NY,1
TX,1
IA,1
DE,1
WA,1
KS,1
KS,1
LA,1
OR,1
TX,1
FL,1
NY,1
NC,1
CA,1
SC,1
FL,1
MI,1
GA,1
CT,1
TN,1
IN,1
NY,1
KS,1
IL,1
MS,1
AZ,1
AZ,1
AL,1
GA,1
CA,1
CT,1
MO,1
CO,1
WA,1
VT,1
MS,1
GA,1
LA,1
AL,1
CA,1
IL,1
PA,1
OR,1
TX,1
FL,1
KS,1
TN,1
NV,1
GA,1
TX,1
PA,1
AL,1
CA,1
MA,1
TX,1
WI,1
TN,1
FL,1
CT,1
MO,1
NM,1
AK,1
FL,1
MD,1
GA,1
LA,1
IN,1
VA,1
AK,1
VA,1
MO,1
CA,1
NY,1
TX,1
CA,1
KY,1
CA,1
FL,1
IL,1
NC,1
OH,1
TN,1
NJ,1
ND,1
AL,1
MO,1
WI,1
AL,1
DC,1
MO,1
TX,1
TX,1
SC,1
FL,1
MO,1
IN,1
CA,1
LA,1
MI,1
CA,1
MD,1
NJ,1
MD,1
AL,1
AL,1
VA,1
CA,1
CA,1
CA,1
PA,1
KY,1
SC,1
PA,1
MO,1
WA,1
TX,1
AL,1
CA,1
ND,1
NC,1
KY,1
SC,1
OR,1
IA,1
SC,1
MO,1
MI,1
NC,1
GA,1
MO,1
WA,1
CA,1
CA,1
NY,1
GA,1
MD,1
AL,1
IN,1
CA,1
AR,1
CA,1
OH,1
MA,1
IN,1
PA,1
IN,1
TX,1
FL,1
FL,1
CO,1
MN,1
TX,1
NY,1
MO,1
MA,1
TX,1
TX,1
NE,1
MN,1
MD,1
MD,1
CA,1
OK,1
KY,1
GA,1
MD,1
MD,1
KY,1
MO,1
CA,1
SC,1
MS,1
NY,1
AL,1
FL,1
KS,1
PA,1
IL,1
AL,1
AR,1
CA,1
TX,1
CA,1
FL,1
NJ,1
NM,1
MA,1
VA,1
NY,1
CA,1
UT,1
TX,1
WV,1
TX,1
ME,1
FL,1
TN,1
FL,1
TX,1
PA,1
PA,1
IL,1
AZ,1
DC,1
PA,1
OK,1
VA,1
OR,1
MN,1
NC,1
NY,1
MS,1
LA,1
GA,1
LA,1
SC,1
OH,1
IN,1
AL,1
AL,1
GA,1
LA,1
MS,1
IL,1
MD,1
NC,1
NC,1
MO,1
OK,1
IL,1
LA,1
TN,1
FL,1
MS,1
OH,1
OK,1
MI,1
WA,1
WV,1
OH,1
OH,1
LA,1
CA,1
MS,1
KY,1
CA,1
LA,1
MN,1
FL,1
MD,1
CA,1
MS,1
CA,1
CA,1
AK,1
GA,1
CA,1
SC,1
OR,1
GA,1
MI,1
OH,1
TX,1
LA,1
FL,1
IL,1
TX,1
TX,1
LA,1
KS,1
PA,1
VA,1
DE,1
TX,1
VA,1
NJ,1
MO,1
TX,1
OK,1
FL,1
NC,1
TN,1
TN,1
MD,1
NY,1
WA,1
NE,1
GA,1
LA,1
MN,1
VA,1
KY,1
NC,1
MS,1
TX,1
NC,1
TX,1
CT,1
NC,1
TN,1
MI,1
TX,1
SC,1
KY,1
MD,1
TX,1
FL,1
OH,1
IN,1
OR,1
FL,1
OK,1
IL,1
LA,1
IL,1
FL,1
MD,1
TX,1
VA,1
TX,1
CA,1
TN,1
IL,1
TX,1
GA,1
IA,1
CO,1
CA,1
TN,1
TX,1
FL,1
MA,1
SC,1
NJ,1
GA,1
WI,1
NJ,1
WV,1
MI,1
FL,1
OK,1
GA,1
OH,1
NY,1
AZ,1
NM,1
VA,1
TX,1
VA,1
LA,1
NC,1
LA,1
NY,1
IN,1
WY,1
NJ,1
IL,1
OH,1
AR,1
CA,1
TX,1
CA,1
WA,1
AZ,1
CA,1
NC,1
TN,1
OK,1
TX,1
IL,1
MS,1
RI,1
FL,1
SD,1
FL,1
NC,1
FL,1
MD,1
IL,1
FL,1
IL,1
IL,1
NV,1
CA,1
KY,1
PA,1
NJ,1
IA,1
LA,1
SC,1
MO,1
MA,1
IN,1
AZ,1
KS,1
CA,1
DC,1
NC,1
AZ,1
PA,1
MO,1
CO,1
OR,1
PA,1
IL,1
OK,1
FL,1
CA,1
MI,1
IL,1
NC,1
NC,1
PA,1
PA,1
IN,1
MO,1
WA,1
TN,1
TX,1
NM,1
OR,1
OH,1
TX,1
TX,1
MD,1
TX,1
LA,1
VA,1
OH,1
IL,1
TN,1
CA,1
MD,1
IL,1
MO,1
MO,1
VA,1
TX,1
IN,1
NJ,1
FL,1
NY,1
AL,1
OH,1
LA,1
IL,1
AZ,1
IL,1
OH,1
IN,1
GA,1
NC,1
CA,1
NC,1
TX,1
PA,1
VA,1
AZ,1
CO,1
DE,1
WA,1
PA,1
MS,1
FL,1
IN,1
NC,1
OH,1
IL,1
CA,1
CA,1
CA,1
WI,1
AR,1
GA,1
IL,1
OH,1
FL,1
DE,1
FL,1
NV,1
PA,1
CA,1
NC,1
NV,1
TX,1
TX,1
IN,1
GA,1
NC,1
OH,1
NJ,1
SC,1
FL,1
KY,1
OH,1
VA,1
SC,1
GA,1
GA,1
WA,1
GA,1
AR,1
PA,1
PA,1
FL,1
OH,1
AR,1
CA,1
CA,1
NY,1
MO,1
MN,1
LA,1
TN,1
TX,1
MA,1
CA,1
CO,1
LA,1
MA,1
NC,1
SC,1
IL,1
AL,1
NJ,1
WA,1
IL,1
FL,1
DC,1
SD,1
CA,1
CA,1
GA,1
TX,1
OK,1
CO,1
ID,1
OR,1
CA,1
CA,1
TN,1
IN,1
MI,1
UT,1
KY,1
NM,1
IL,1
CA,1
IL,1
GA,1
MD,1
MO,1
ME,1
DC,1
GA,1
NY,1
AL,1
NY,1
FL,1
IL,1
IL,1
IL,1
LA,1
CA,1
NJ,1
FL,1
NV,1
MD,1
CA,1
FL,1
CA,1
VA,1
NE,1
CA,1
CA,1
IN,1
CA,1
NY,1
HI,1
TN,1
VA,1
FL,1
MS,1
OH,1
PA,1
IN,1
TX,1
TX,1
LA,1
MI,1
VA,1
NJ,1
TN,1
MD,1
WV,1
AL,1
NJ,1
MO,1
OK,1
CA,1
CA,1
NY,1
LA,1
KY,1
AK,1
NM,1
VA,1
GA,1
NJ,1
MD,1
IA,1
MI,1
CA,1
IL,1
NC,1
PA,1
SC,1
VA,1
CA,1
MD,1
CA,1
CA,1
IN,1
FL,1
FL,1
OH,1
OH,1
MD,1
FL,1
IN,1
OK,1
LA,1
GA,1
GA,1
TX,1
LA,1
CA,1
AZ,1
MO,1
NM,1
MO,1
TX,1
MD,1
AL,1
CA,1
MS,1
SC,1
FL,1
WV,1
PA,1
LA,1
ME,1
AL,1
FL,1
FL,1
GA,1
MO,1
FL,1
OH,1
NJ,1
TN,1
IA,1
TN,1
MI,1
AL,1
NY,1
OH,1
TX,1
PA,1
SC,1
CO,1
PA,1
MS,1
CA,1
AL,1
MI,1
NC,1
KS,1
IL,1
LA,1
CA,1
NY,1
NY,1
TN,1
WA,1
CA,1
MS,1
MO,1
FL,1
MS,1
MN,1
MD,1
MD,1
NC,1
CA,1
CA,1
IN,1
OK,1
NY,1
MD,1
CA,1
FL,1
AZ,1
CA,1
LA,1
WA,1
SC,1
CA,1
NV,1
NJ,1
KY,1
WV,1
TX,1
CT,1
TX,1
GA,1
WA,1
LA,1
AR,1
TN,1
MI,1
MI,1
FL,1
CA,1
OH,1
CO,1
NY,1
IN,1
TN,1
MD,1
CA,1
NC,1
PA,1
DE,1
KY,1
NV,1
SC,1
TX,1
WA,1
MN,1
IN,1
MO,1
CA,1
NV,1
TN,1
VA,1
NJ,1
IN,1
OH,1
FL,1
KS,1
NM,1
MD,1
TX,1
CA,1
TX,1
MI,1
NV,1
AK,1
NC,1
CO,1
IL,1
TX,1
SC,1
MI,1
CA,1
WA,1
LA,1
TX,1
TX,1
DE,1
DC,1
LA,1
TX,1
OK,1
NJ,1
NJ,1
MO,1
CO,1
MI,1
CA,1
SC,1
MI,1
GA,1
MA,1
TN,1
CA,1
SC,1
SC,1
IN,1
CA,1
TX,1
IN,1
TX,1
AL,1
TX,1
CA,1
MA,1
KY,1
MI,1
WA,1
MS,1
MD,1
GA,1
AK,1
CA,1
NC,1
CA,1
NC,1
ID,1
NV,1
MI,1
AZ,1
CA,1
MD,1
MD,1
FL,1
MO,1
GA,1
GA,1
AR,1
OH,1
KY,1
TN,1
OH,1
TX,1
AL,1
KY,1
IL,1
FL,1
NC,1
MD,1
OH,1
CA,1
FL,1
CO,1
NV,1
AL,1
TX,1
LA,1
MD,1
NC,1
TN,1
NC,1
TX,1
NC,1
NY,1
AL,1
OH,1
IN,1
MA,1
AZ,1
GA,1
IL,1
IL,1
FL,1
CA,1
MO,1
TX,1
NY,1
IL,1
GA,1
MO,1
MS,1
WA,1
AL,1
CA,1
CA,1
PA,1
LA,1
MT,1
WA,1
NM,1
TX,1
KY,1
TX,1
TX,1
WI,1
LA,1
VA,1
LA,1
NC,1
GA,1
NC,1
VA,1
IL,1
CA,1
MO,1
NY,1
MO,1
IL,1
FL,1
FL,1
SC,1
AR,1
CA,1
GA,1
GA,1
IN,1
MO,1
OH,1
TX,1
GA,1
IL,1
LA,1
NM,1
MD,1
MD,1
CA,1
NC,1
AL,1
PA,1
AZ,1
VA,1
OH,1
AK,1
IL,1
GA,1
FL,1
NC,1
IA,1
AR,1
AL,1
AL,1
MD,1
IN,1
GA,1
TX,1
OH,1
WV,1
MN,1
MO,1
IN,1
DC,1
OH,1
CO,1
IN,1
AL,1
IA,1
MI,1
IL,1
CA,1
NJ,1
SC,1
SC,1
FL,1
FL,1
CO,1
FL,1
MS,1
IL,1
OH,1
SC,1
CA,1
CA,1
CT,1
WA,1
MI,1
GA,1
DE,1
CA,1
AL,1
IL,1
AZ,1
CO,1
OR,1
WI,1
CA,1
AL,1
MS,1
CA,1
PA,1
MO,1
CA,1
NJ,1
TX,1
TX,1
VA,1
CA,1
WA,1
LA,1
LA,1
MO,1
DC,1
FL,1
MI,1
MO,1
CA,1
IL,1
MA,1
FL,1
MN,1
OK,1
NJ,1
AZ,1
LA,1
IN,1
IN,1
VA,1
OH,1
SC,1
OK,1
MI,1
IL,1
GA,1
IL,1
TX,1
AZ,1
SC,1
MD,1
NV,1
MO,1
MD,1
KY,1
AL,1
IN,1
NV,1
TN,1
CA,1
IL,1
CA,1
TX,1
AK,1
CA,1
TX,1
NJ,1
MO,1
NY,1
CA,1
CA,1
MD,1
AL,1
OH,1
MN,1
LA,1
TN,1
IL,1
OH,1
AL,1
SC,1
CA,1
AL,1
AR,1
AZ,1
FL,1
MT,1
CA,1
PA,1
NY,1
LA,1
FL,1
FL,1
IL,1
HI,1
IA,1
TX,1
SC,1
CO,1
LA,1
NC,1
CA,1
IN,1
AR,1
AZ,1
AL,1
TX,1
NM,1
GA,1
IL,1
FL,1
VA,1
TX,1
MA,1
VA,1
NC,1
NC,1
CA,1
IL,1
AZ,1
WI,1
CO,1
CO,1
AL,1
FL,1
IL,1
TX,1
MO,1
VA,1
IL,1
GA,1
TN,1
LA,1
TX,1
LA,1
NV,1
LA,1
NE,1
TN,1
IN,1
FL,1
MI,1
MO,1
NC,1
TX,1
AZ,1
NM,1
AZ,1
NC,1
OH,1
TN,1
AR,1
WI,1
GA,1
LA,1
IL,1
TX,1
IL,1
FL,1
NY,1
MD,1
TN,1
TX,1
AK,1
KS,1
VA,1
AL,1
SC,1
MI,1
NJ,1
VA,1
MO,1
CO,1
AK,1
IL,1
CO,1
NC,1
GA,1
WI,1
LA,1
GA,1
IL,1
NJ,1
FL,1
GA,1
TX,1
CA,1
OK,1
OH,1
KY,1
VA,1
PA,1
MN,1
CA,1
OK,1
GA,1
VA,1
TN,1
MD,1
TX,1
FL,1
OK,1
VA,1
NJ,1
TX,1
TN,1
MS,1
SC,1
SC,1
NY,1
FL,1
CA,1
FL,1
LA,1
MD,1
OH,1
LA,1
NE,1
AZ,1
CA,1
KS,1
VA,1
GA,1
GA,1
IN,1
NJ,1
AZ,1
SC,1
DC,1
FL,1
IL,1
KY,1
MD,1
CA,1
AZ,1
CA,1
AK,1
CA,1
GA,1
MO,1
LA,1
TN,1
TN,1
NC,1
NV,1
NV,1
PA,1
KY,1
NY,1
LA,1
OH,1
CA,1
NC,1
PA,1
CA,1
VA,1
CO,1
FL,1
OH,1
NC,1
AL,1
MI,1
WI,1
IL,1
FL,1
MI,1
GA,1
NJ,1
SC,1
FL,1
TN,1
MO,1
OK,1
NC,1
IL,1
MO,1
MD,1
MI,1
CA,1
MO,1
IL,1
SC,1
CA,1
IN,1
LA,1
IL,1
CA,1
VA,1
GA,1
MS,1
DE,1
TN,1
LA,1
MO,1
TX,1
TX,1
NY,1
FL,1
NY,1
PA,1
NY,1
AR,1
NY,1
IL,1
AZ,1
UT,1
AZ,1
AL,1
MD,1
OH,1
CA,1
CO,1
KS,1
LA,1
IL,1
WA,1
OK,1
TX,1
PA,1
CA,1
AR,1
NJ,1
TX,1
WA,1
CA,1
IN,1
IL,1
ME,1
NY,1
AR,1
TN,1
FL,1
PA,1
PA,1
OR,1
SC,1
MD,1
NC,1
TX,1
CA,1
OK,1
AZ,1
MO,1
PA,1
TN,1
MD,1
TX,1
MS,1
MS,1
SC,1
OR,1
NM,1
OH,1
OH,1
TN,1
IL,1
IN,1
TX,1
TX,1
IL,1
LA,1
TX,1
CA,1
CO,1
LA,1
CT,1
MD,1
IL,1
PA,1
SC,1
IL,1
FL,1
IN,1
MI,1
AR,1
IN,1
CA,1
CT,1
CO,1
TX,1
AR,1
FL,1
TX,1
CA,1
IL,1
KY,1
OK,1
NY,1
NC,1
NY,1
VA,1
PA,1
NM,1
TX,1
MO,1
FL,1
AZ,1
IL,1
FL,1
AL,1
IL,1
PA,1
MO,1
KY,1
NC,1
IL,1
PA,1
WV,1
FL,1
KS,1
MI,1
IL,1
CA,1
VA,1
MD,1
DE,1
LA,1
MD,1
NY,1
TX,1
TX,1
WI,1
MO,1
VA,1
MO,1
AL,1
MI,1
IN,1
MS,1
WI,1
CA,1
IA,1
IL,1
GA,1
TN,1
GA,1
GA,1
CA,1
NY,1
IL,1
ID,1
KY,1
DC,1
IN,1
OH,1
PA,1
MI,1
GA,1
OH,1
IL,1
MO,1
MN,1
SC,1
IL,1
MO,1
KY,1
CA,1
CA,1
OH,1
MT,1
MI,1
NV,1
OH,1
TX,1
CA,1
MD,1
MD,1
MA,1
VA,1
ID,1
CA,1
MS,1
OK,1
KS,1
FL,1
IL,1
MO,1
KY,1
TN,1
TN,1
CA,1
FL,1
TX,1
LA,1
AL,1
IL,1
IL,1
CA,1
NV,1
TX,1
PA,1
WA,1
AR,1
NV,1
FL,1
TX,1
OH,1
IN,1
CA,1
CA,1
IL,1
IN,1
IL,1
PA,1
TN,1
PA,1
NV,1
CA,1
AL,1
GA,1
VA,1
DE,1
MD,1
OH,1
IL,1
IL,1
LA,1
WI,1
MD,1
IL,1
LA,1
FL,1
MO,1
CA,1
IL,1
IL,1
MD,1
NM,1
GA,1
FL,1
CA,1
MD,1
PA,1
NE,1
TN,1
SC,1
CT,1
AL,1
IL,1
NC,1
OK,1
MI,1
NC,1
TX,1
AL,1
NM,1
FL,1
FL,1
PA,1
AL,1
IL,1
NY,1
VA,1
IL,1
LA,1
FL,1
IN,1
NC,1
NJ,1
MO,1
MO,1
AK,1
MO,1
IL,1
TX,1
NV,1
OH,1
NC,1
FL,1
CA,1
TN,1
IL,1
MO,1
CO,1
TX,1
FL,1
CA,1
MO,1
IL,1
CA,1
ID,1
AZ,1
CA,1
KY,1
LA,1
NY,1
NM,1
AR,1
NM,1
GA,1
CA,1
MO,1
CA,1
VA,1
TN,1
TN,1
MO,1
TX,1
NC,1
CA,1
MD,1
MD,1
MO,1
TX,1
SC,1
TN,1
AL,1
TN,1
AR,1
FL,1
CA,1
AL,1
TX,1
PA,1
CT,1
CT,1
NV,1
TX,1
TN,1
TX,1
NY,1
GA,1
NC,1
MA,1
MS,1
MS,1
TN,1
AZ,1
SC,1
NY,1
FL,1
AR,1
AL,1
DC,1
IL,1
SD,1
AR,1
IL,1
NJ,1
PA,1
FL,1
CA,1
LA,1
NC,1
NC,1
MN,1
CT,1
NC,1
TX,1
OH,1
FL,1
IL,1
WI,1
WI,1
TX,1
TX,1
TN,1
OR,1
NJ,1
MO,1
NY,1
NJ,1
CA,1
CA,1
OK,1
CA,1
IL,1
TX,1
FL,1
WI,1
PA,1
AL,1
CA,1
AR,1
MO,1
PA,1
IL,1
DC,1
MO,1
IN,1
FL,1
CA,1
OH,1
IL,1
TN,1
NC,1
CA,1
NC,1
TX,1
TX,1
AZ,1
FL,1
IL,1
CA,1
TX,1
WI,1
NJ,1
FL,1
CA,1
NC,1
TX,1
TX,1
IL,1
GA,1
IL,1
MO,1
VA,1
CA,1
WI,1
NJ,1
CA,1
OH,1
KY,1
AR,1
GA,1
WV,1
GA,1
GA,1
IL,1
OH,1
NC,1
AL,1
MD,1
AL,1
MO,1
FL,1
IN,1
FL,1
IL,1
MD,1
NC,1
IL,1
CO,1
MO,1
VA,1
AL,1
SC,1
AR,1
CA,1
TN,1
LA,1
MI,1
OH,1
ME,1
IN,1
AL,1
MI,1
CA,1
CA,1
CA,1
PA,1
KY,1
AZ,1
KY,1
MD,1
FL,1
AZ,1
MD,1
FL,1
OK,1
IN,1
WI,1
UT,1
PA,1
MS,1
TX,1
CA,1
AZ,1
NC,1
OH,1
KY,1
AL,1
NJ,1
IL,1
FL,1
SC,1
NV,1
WV,1
MD,1
UT,1
IL,1
IL,1
IL,1
MN,1
CA,1
TN,1
WA,1
OH,1
TN,1
VA,1
MD,1
CA,1
TX,1
GA,1
LA,1
OK,1
IN,1
TX,1
IL,1
DC,1
OR,1
LA,1
SC,1
CO,1
VA,1
LA,1
KY,1
VA,1
VA,1
MO,1
AL,1
AL,1
MI,1
ID,1
GA,1
TX,1
NY,1
CA,1
NY,1
MD,1
IL,1
LA,1
IL,1
OH,1
WI,1
MI,1
KS,1
CA,1
MD,1
CA,1
IL,1
NY,1
PA,1
NE,1
CT,1
MO,1
NC,1
OH,1
DE,1
MO,1
CA,1
CA,1
SC,1
GA,1
MO,1
IL,1
IL,1
OH,1
TN,1
SC,1
TX,1
NV,1
TX,1
PA,1
GA,1
IL,1
NV,1
CA,1
NC,1
VA,1
AL,1
MD,1
OK,1
WI,1
KS,1
FL,1
CO,1
CO,1
IL,1
MN,1
NY,1
PA,1
IL,1
AL,1
GA,1
MS,1
PA,1
KY,1
GA,1
OK,1
IL,1
IL,1
IL,1
CA,1
OK,1
OK,1
MD,1
IL,1
CA,1
CA,1
LA,1
NY,1
IN,1
MS,1
FL,1
GA,1
FL,1
MS,1
MA,1
MA,1
OK,1
IA,1
MO,1
MD,1
PA,1
WI,1
LA,1
WI,1
MI,1
SC,1
TX,1
NC,1
GA,1
CA,1
AL,1
MD,1
NY,1
IL,1
AZ,1
TX,1
IL,1
MD,1
IL,1
IL,1
IL,1
AL,1
SC,1
TX,1
CA,1
PA,1
NV,1
CA,1
MI,1
MO,1
IN,1
TX,1
TX,1
IA,1
WA,1
PA,1
MN,1
GA,1
IL,1
CA,1
GA,1
MO,1
CA,1
SC,1
KY,1
CA,1
NC,1
MS,1
FL,1
CA,1
MS,1
NC,1
OH,1
IN,1
MI,1
MS,1
MI,1
TX,1
SC,1
CA,1
IL,1
FL,1
LA,1
MI,1
WA,1
PA,1
NC,1
PA,1
PA,1
TN,1
CA,1
MO,1
FL,1
TX,1
TX,1
IL,1
IL,1
TX,1
CA,1
MO,1
CA,1
WA,1
IL,1
IN,1
KY,1
MA,1
MS,1
IN,1
IL,1
GA,1
NC,1
CA,1
PA,1
NV,1
PA,1
FL,1
PA,1
TN,1
OR,1
PA,1
IL,1
TN,1
RI,1
LA,1
CA,1
NC,1
IL,1
MD,1
IL,1
IN,1
CA,1
CA,1
FL,1
MN,1
FL,1
MI,1
OH,1
FL,1
CA,1
TX,1
ME,1
VA,1
MA,1
CA,1
CA,1
NJ,1
MO,1
PA,1
NC,1
WA,1
FL,1
WV,1
IN,1
TN,1
GA,1
NM,1
MS,1
WA,1
VA,1
CO,1
CA,1
NY,1
CA,1
IL,1
MS,1
NJ,1
NJ,1
MO,1
IN,1
AR,1
OH,1
SC,1
FL,1
IL,1
NC,1
CA,1
KY,1
MS,1
CT,1
IA,1
IL,1
CA,1
MN,1
SC,1
OK,1
MD,1
OH,1
LA,1
OK,1
FL,1
MO,1
OH,1
MS,1
NJ,1
CA,1
OK,1
MI,1
WI,1
CA,1
LA,1
FL,1
KY,1
CA,1
CA,1
GA,1
VA,1
FL,1
OH,1
FL,1
IN,1
IL,1
TN,1
TX,1
WI,1
PA,1
GA,1
CA,1
FL,1
AL,1
IL,1
MS,1
SC,1
NC,1
VA,1
OH,1
OK,1
GA,1
NC,1
SC,1
MO,1
MA,1
CA,1
PA,1
CO,1
TX,1
MO,1
MO,1
VA,1
OK,1
CA,1
MS,1
IL,1
IL,1
MS,1
CA,1
CA,1
NY,1
LA,1
TN,1
GA,1
AL,1
FL,1
NY,1
FL,1
CA,1
CA,1
NC,1
MO,1
OH,1
TN,1
PA,1
LA,1
NV,1
MD,1
NY,1
NJ,1
KY,1
TX,1
WI,1
TX,1
AL,1
CA,1
OK,1
CA,1
AL,1
IA,1
MD,1
CA,1
GA,1
ND,1
AL,1
WA,1
MD,1
OK,1
GA,1
OH,1
CA,1
OH,1
IN,1
AZ,1
AR,1
MI,1
PA,1
CA,1
WI,1
TX,1
MO,1
IL,1
SD,1
NY,1
SD,1
WA,1
TX,1
TX,1
MI,1
MS,1
GA,1
AL,1
IL,1
IN,1
FL,1
CA,1
MN,1
WA,1
CT,1
RI,1
MO,1
VA,1
PA,1
IL,1
GA,1
AL,1
MO,1
NC,1
IN,1
WI,1
GA,1
IL,1
NC,1
OH,1
IL,1
MS,1
GA,1
CA,1
NC,1
MO,1
AL,1
CA,1
FL,1
MI,1
CT,1
TN,1
WI,1
UT,1
PA,1
KY,1
MN,1
OH,1
OK,1
GA,1
CA,1
OH,1
NV,1
MO,1
IN,1
AR,1
MD,1
GA,1
WA,1
OK,1
KY,1
MI,1
TX,1
MD,1
NY,1
IL,1
IL,1
LA,1
CA,1
CA,1
DC,1
MD,1
LA,1
OR,1
OH,1
CA,1
AL,1
OK,1
VA,1
OH,1
NJ,1
MN,1
KY,1
TX,1
NC,1
AL,1
VA,1
IL,1
MI,1
CA,1
MS,1
IL,1
IN,1
TX,1
TX,1
MA,1
OK,1
GA,1
GA,1
CA,1
NV,1
NY,1
MD,1
MA,1
FL,1
MO,1
MN,1
MS,1
AL,1
OH,1
CT,1
MI,1
NH,1
TX,1
IL,1
NC,1
OK,1
TN,1
OK,1
LA,1
IL,1
IL,1
IL,1
OH,1
MI,1
SC,1
GA,1
LA,1
MO,1
TN,1
OH,1
TN,1
CA,1
IL,1
GA,1
IL,1
WI,1
AL,1
FL,1
CA,1
LA,1
FL,1
CA,1
CA,1
TX,1
IN,1
OH,1
VA,1
OK,1
TX,1
NJ,1
DC,1
FL,1
OH,1
OK,1
PA,1
TX,1
CA,1
SC,1
NC,1
FL,1
MI,1
IL,1
LA,1
MI,1
GA,1
TN,1
VA,1
OH,1
OH,1
MS,1
VA,1
CA,1
NH,1
AL,1
AZ,1
CA,1
FL,1
MO,1
VA,1
TN,1
NV,1
NV,1
IL,1
OH,1
IN,1
TX,1
LA,1
AZ,1
AL,1
TN,1
AR,1
IL,1
NC,1
DC,1
IL,1
AK,1
CA,1
IL,1
TX,1
FL,1
AZ,1
FL,1
CA,1
CA,1
SC,1
IL,1
WI,1
SC,1
CA,1
FL,1
OK,1
MS,1
NM,1
SC,1
MI,1
MO,1
MO,1
WI,1
NJ,1
IL,1
TX,1
GA,1
GA,1
DC,1
CA,1
VA,1
CA,1
NC,1
MO,1
NY,1
GA,1
OK,1
NE,1
NC,1
TX,1
GA,1
MO,1
MO,1
FL,1
MN,1
MO,1
NC,1
GA,1
GA,1
SD,1
TN,1
GA,1
IL,1
CA,1
TX,1
NC,1
FL,1
IL,1
PA,1
MO,1
NC,1
CA,1
GA,1
SC,1
CA,1
TX,1
FL,1
OH,1
CO,1
GA,1
TX,1
NM,1
FL,1
CA,1
ME,1
KS,1
OH,1
PA,1
FL,1
AL,1
NC,1
NY,1
MO,1
NE,1
LA,1
AZ,1
NC,1
LA,1
IL,1
IL,1
NV,1
NJ,1
KY,1
MI,1
IL,1
AL,1
WI,1
IL,1
MS,1
PA,1
FL,1
WI,1
TN,1
VA,1
MI,1
WA,1
MO,1
CA,1
PA,1
NY,1
FL,1
OH,1
WI,1
SC,1
CA,1
NC,1
VA,1
LA,1
MD,1
FL,1
PA,1
CO,1
AL,1
DC,1
NJ,1
IL,1
TX,1
TX,1
OR,1
TN,1
OH,1
IL,1
FL,1
LA,1
PA,1
PA,1
NE,1
CA,1
CO,1
TN,1
MO,1
LA,1
MS,1
TX,1
PA,1
AL,1
MS,1
OK,1
MI,1
LA,1
SC,1
AK,1
MN,1
WI,1
LA,1
PA,1
IL,1
CA,1
AL,1
SC,1
VA,1
GA,1
MI,1
OH,1
AL,1
TX,1
CA,1
FL,1
CA,1
CA,1
AL,1
OH,1
CA,1
OH,1
CA,1
MI,1
AL,1
TX,1
NC,1
AR,1
TN,1
SC,1
NV,1
AZ,1
CO,1
SC,1
MD,1
PA,1
TN,1
IL,1
CA,1
IL,1
KS,1
OK,1
OR,1
TX,1
AL,1
LA,1
IN,1
DC,1
GA,1
MO,1
TX,1
TN,1
IL,1
NJ,1
SC,1
OH,1
MI,1
PA,1
NJ,1
PA,1
WI,1
MD,1
OH,1
IL,1
LA,1
NY,1
NY,1
IL,1
CA,1
NJ,1
CA,1
WA,1
OK,1
OH,1
MI,1
GA,1
CT,1
GA,1
CA,1
TX,1
ID,1
GA,1
OK,1
MO,1
NV,1
TN,1
IL,1
OH,1
TN,1
OK,1
AZ,1
KY,1
NM,1
CA,1
GA,1
CA,1
IL,1
FL,1
IL,1
CA,1
LA,1
OH,1
AZ,1
OH,1
LA,1
KY,1
AL,1
FL,1
MD,1
CO,1
PA,1
IL,1
GA,1
LA,1
MN,1
CA,1
TX,1
GA,1
OH,1
CA,1
NJ,1
CA,1
IN,1
CA,1
WV,1
MI,1
VA,1
TX,1
CA,1
NC,1
CO,1
NC,1
PA,1
MO,1
LA,1
IL,1
KS,1
MN,1
IL,1
KY,1
AL,1
KS,1
TN,1
PA,1
IL,1
PA,1
FL,1
FL,1
MO,1
SC,1
NC,1
TN,1
OR,1
MO,1
GA,1
PA,1
SC,1
WA,1
CA,1
IN,1
CA,1
CA,1
MN,1
NV,1
VA,1
CA,1
WA,1
OK,1
LA,1
LA,1
FL,1
NC,1
FL,1
TX,1
MD,1
TX,1
NC,1
NM,1
IL,1
AL,1
IL,1
NJ,1
CA,1
NJ,1
OK,1
NY,1
NC,1
TX,1
AR,1
KS,1
MI,1
CA,1
MD,1
CA,1
NJ,1
NC,1
AZ,1
MO,1
MD,1
MO,1
SC,1
NC,1
SC,1
OH,1
GA,1
WI,1
SC,1
OH,1
MN,1
MA,1
OK,1
AL,1
SC,1
GA,1
IN,1
IL,1
IL,1
PA,1
CA,1
NY,1
TN,1
TN,1
AL,1
AL,1
AL,1
MO,1
MO,1
GA,1
IL,1
KS,1
NC,1
FL,1
AL,1
CA,1
IL,1
GA,1
IN,1
CA,1
FL,1
AR,1
AL,1
DE,1
CA,1
GA,1
IL,1
SC,1
NC,1
NE,1
ME,1
AL,1
MO,1
VA,1
TX,1
LA,1
NY,1
PA,1
GA,1
LA,1
AZ,1
MS,1
PA,1
IL,1
MD,1
IA,1
WV,1
AK,1
IN,1
WI,1
MA,1
CA,1
FL,1
AL,1
CA,1
CA,1
IL,1
IL,1
OH,1
FL,1
OH,1
LA,1
LA,1
CO,1
MO,1
SC,1
IL,1
IL,1
MD,1
TX,1
GA,1
PA,1
MA,1
IL,1
NJ,1
PA,1
AZ,1
NJ,1
CA,1
CO,1
AL,1
NC,1
CA,1
GA,1
OH,1
WI,1
TN,1
NM,1
CA,1
AZ,1
MD,1
CA,1
MD,1
MS,1
FL,1
GA,1
FL,1
OK,1
FL,1
AL,1
PA,1
AZ,1
FL,1
DC,1
FL,1
FL,1
GA,1
CA,1
NV,1
NJ,1
AZ,1
OK,1
CO,1
IN,1
PA,1
LA,1
IN,1
FL,1
CA,1
OH,1
IN,1
TX,1
OK,1
NY,1
IL,1
OH,1
CA,1
GA,1
CO,1
NE,1
AL,1
NC,1
TX,1
VA,1
LA,1
OR,1
NY,1
AZ,1
NY,1
IL,1
MO,1
AZ,1
CA,1
CO,1
NJ,1
TN,1
IA,1
NV,1
TX,1
FL,1
MS,1
GA,1
AL,1
AZ,1
IN,1
CO,1
MD,1
FL,1
CO,1
GA,1
OR,1
KY,1
NC,1
NC,1
DE,1
MD,1
OK,1
KS,1
VA,1
IL,1
OR,1
CA,1
MD,1
LA,1
FL,1
MO,1
NY,1
LA,1
KS,1
TX,1
MS,1
CA,1
IL,1
WV,1
MT,1
PA,1
AZ,1
RI,1
TX,1
MD,1
CA,1
CT,1
IN,1
CA,1
MO,1
MO,1
IA,1
TN,1
KS,1
TN,1
PA,1
CA,1
NC,1
OH,1
GA,1
FL,1
CA,1
IL,1
VA,1
AR,1
CA,1
VA,1
OH,1
KS,1
OK,1
TN,1
SC,1
CA,1
IL,1
VA,1
TX,1
WA,1
CA,1
OH,1
MS,1
GA,1
FL,1
AL,1
CT,1
NM,1
TX,1
MD,1
CT,1
CT,1
SC,1
MD,1
MI,1
AL,1
IN,1
FL,1
MD,1
KS,1
TX,1
NC,1
WI,1
MN,1
IN,1
TX,1
OH,1
MI,1
FL,1
CA,1
NJ,1
VA,1
GA,1
NC,1
NJ,1
IN,1
AR,1
CA,1
CA,1
GA,1
CA,1
FL,1
FL,1
KY,1
CA,1
OH,1
WA,1
OR,1
CA,1
AL,1
GA,1
FL,1
CA,1
NY,1
FL,1
KY,1
TX,1
FL,1
CA,1
AZ,1
FL,1
NC,1
IL,1
MA,1
MI,1
VT,1
IL,1
GA,1
CA,1
CA,1
CT,1
MD,1
FL,1
TN,1
VA,1
TX,1
TX,1
IN,1
IL,1
MD,1
OK,1
NM,1
MO,1
MO,1
NC,1
MD,1
PA,1
AR,1
PA,1
NY,1
PA,1
CA,1
OH,1
GA,1
MI,1
FL,1
FL,1
MS,1
MO,1
KS,1
NY,1
NC,1
MD,1
CO,1
IL,1
CO,1
WA,1
OH,1
TX,1
WA,1
TX,1
UT,1
OH,1
PA,1
FL,1
AR,1
IA,1
AL,1
OK,1
DC,1
MD,1
FL,1
VA,1
DC,1
FL,1
CA,1
CA,1
IL,1
CA,1
IL,1
MD,1
MD,1
FL,1
FL,1
FL,1
CA,1
NY,1
WA,1
MS,1
CA,1
MA,1
SC,1
MI,1
MD,1
IL,1
MD,1
TX,1
AL,1
TN,1
CA,1
OH,1
GA,1
NV,1
OH,1
NY,1
OH,1
MO,1
MO,1
OH,1
MS,1
AL,1
MA,1
IL,1
CA,1
PA,1
SC,1
IN,1
IL,1
IL,1
CA,1
FL,1
MS,1
WV,1
LA,1
IN,1
MO,1
MI,1
CA,1
UT,1
MS,1
PA,1
KY,1
MO,1
OH,1
SC,1
TX,1
LA,1
TX,1
WI,1
MA,1
MI,1
MD,1
LA,1
AL,1
TX,1
NY,1
MO,1
IL,1
IL,1
IL,1
IL,1
FL,1
MS,1
NC,1
OH,1
IL,1
NY,1
IN,1
AZ,1
GA,1
AZ,1
MS,1
AZ,1
NE,1
CA,1
NY,1
CA,1
MD,1
GA,1
MO,1
IL,1
IL,1
FL,1
GA,1
VA,1
PA,1
NJ,1
OH,1
AR,1
LA,1
NM,1
AL,1
SC,1
NC,1
CA,1
FL,1
GA,1
GA,1
LA,1
OH,1
MO,1
AR,1
OH,1
LA,1
KY,1
MA,1
GA,1
GA,1
CA,1
IL,1
FL,1
NC,1
MO,1
TN,1
AL,1
PA,1
VA,1
CA,1
WA,1
IL,1
MO,1
WI,1
IL,1
DC,1
CA,1
NC,1
MD,1
MO,1
LA,1
TN,1
TN,1
TN,1
WA,1
OH,1
CA,1
NC,1
OH,1
CA,1
WA,1
TX,1
PA,1
MO,1
CO,1
OH,1
LA,1
LA,1
OH,1
OH,1
MS,1
AL,1
IL,1
MS,1
AZ,1
MO,1
PA,1
GA,1
IN,1
AK,1
OH,1
CA,1
UT,1
FL,1
AL,1
SC,1
CA,1
MS,1
MO,1
IN,1
FL,1
FL,1
OH,1
SC,1
IL,1
OH,1
OK,1
TX,1
PA,1
PA,1
PA,1
CA,1
MN,1
AR,1
TX,1
GA,1
MO,1
FL,1
IL,1
OH,1
MA,1
TN,1
GA,1
MD,1
IL,1
CA,1
KY,1
TX,1
IL,1
OH,1
CA,1
VA,1
WI,1
IL,1
AZ,1
MI,1
OK,1
FL,1
MD,1
AZ,1
FL,1
IL,1
WI,1
PA,1
KS,1
TX,1
AL,1
GA,1
MS,1
MO,1
KS,1
NV,1
NC,1
NV,1
AR,1
MI,1
MI,1
NY,1
NE,1
NJ,1
VA,1
TN,1
FL,1
AL,1
MN,1
NM,1
IL,1
NC,1
NJ,1
VA,1
WI,1
GA,1
CA,1
CA,1
FL,1
SC,1
AL,1
CA,1
OH,1
CA,1
CA,1
NJ,1
MD,1
GA,1
CA,1
NC,1
NY,1
NV,1
IL,1
GA,1
OK,1
SC,1
NY,1
TN,1
FL,1
NC,1
IN,1
NY,1
GA,1
VA,1
MS,1
CO,1
LA,1
IN,1
FL,1
AZ,1
LA,1
AL,1
FL,1
IL,1
IL,1
IL,1
GA,1
IL,1
MD,1
NC,1
FL,1
TN,1
IL,1
AZ,1
AZ,1
CO,1
IL,1
IL,1
TN,1
IL,1
GA,1
IL,1
MO,1
IL,1
NY,1
LA,1
AL,1
NJ,1
IL,1
IL,1
MO,1
LA,1
CA,1
WI,1
LA,1
SC,1
IL,1
TX,1
TX,1
NY,1
GA,1
ND,1
IA,1
LA,1
IN,1
FL,1
DE,1
FL,1
LA,1
OH,1
IL,1
GA,1
MD,1
MD,1
IL,1
AZ,1
NM,1
WA,1
KS,1
CA,1
CA,1
NC,1
TX,1
VA,1
WI,1
AZ,1
CA,1
IL,1
TN,1
IL,1
IL,1
MN,1
CO,1
CA,1
TX,1
TX,1
MN,1
KY,1
MI,1
CA,1
TX,1
AL,1
FL,1
IL,1
PA,1
TX,1
GA,1
CA,1
IN,1
VA,1
TN,1
MI,1
PA,1
GA,1
MA,1
AR,1
FL,1
FL,1
PA,1
FL,1
CA,1
TN,1
PA,1
IL,1
NJ,1
GA,1
IL,1
UT,1
NY,1
MI,1
VA,1
PA,1
TX,1
MO,1
CT,1
LA,1
TN,1
KS,1
NJ,1
CT,1
IL,1
CA,1
MS,1
PA,1
TN,1
OH,1
KS,1
IL,1
AR,1
PA,1
OH,1
CA,1
AL,1
NC,1
CA,1
TX,1
CO,1
AL,1
MO,1
NY,1
MO,1
SC,1
VA,1
NM,1
OH,1
IL,1
NY,1
LA,1
MS,1
MO,1
IN,1
VA,1
MD,1
ID,1
MA,1
MI,1
NY,1
TX,1
NJ,1
NC,1
TX,1
FL,1
GA,1
AL,1
NC,1
IL,1
VA,1
OH,1
MN,1
AL,1
AL,1
AR,1
IL,1
IL,1
AR,1
FL,1
KY,1
AZ,1
AL,1
NJ,1
MD,1
MA,1
TN,1
CA,1
MD,1
GA,1
CA,1
CA,1
FL,1
TN,1
VA,1
IL,1
NE,1
PA,1
RI,1
ND,1
AL,1
CA,1
CA,1
CA,1
PA,1
PA,1
NJ,1
IL,1
OR,1
AZ,1
IL,1
CA,1
LA,1
MO,1
FL,1
IL,1
KS,1
TX,1
CA,1
ME,1
SC,1
TX,1
CO,1
CA,1
CA,1
FL,1
MS,1
FL,1
CA,1
GA,1
MO,1
MD,1
MI,1
CA,1
MI,1
TX,1
CA,1
OH,1
IN,1
MI,1
CA,1
WA,1
NM,1
CA,1
GA,1
NY,1
MS,1
CA,1
TX,1
PA,1
TX,1
FL,1
FL,1
SC,1
MO,1
TN,1
IL,1
SC,1
CA,1
MO,1
GA,1
MO,1
PA,1
TN,1
TN,1
FL,1
OK,1
NV,1
ND,1
GA,1
MO,1
MO,1
TX,1
GA,1
CA,1
TX,1
TX,1
CA,1
IL,1
DC,1
CT,1
NC,1
CA,1
FL,1
TN,1
MS,1
NM,1
OH,1
MO,1
LA,1
TN,1
PA,1
MI,1
NJ,1
AL,1
MA,1
AZ,1
FL,1
TX,1
IL,1
UT,1
TX,1
DC,1
MO,1
TN,1
CA,1
VA,1
SC,1
MO,1
NJ,1
NJ,1
CA,1
CO,1
LA,1
WA,1
OK,1
TN,1
WI,1
SC,1
TX,1
MI,1
GA,1
IN,1
WI,1
OR,1
IL,1
PA,1
MO,1
FL,1
NC,1
PA,1
NC,1
LA,1
TN,1
CA,1
AL,1
VA,1
CA,1
AL,1
AL,1
FL,1
PA,1
KY,1
MD,1
LA,1
GA,1
NY,1
MI,1
MD,1
LA,1
DC,1
KY,1
MT,1
GA,1
FL,1
MO,1
IL,1
IL,1
LA,1
OH,1
OH,1
TN,1
MI,1
SC,1
MS,1
TN,1
VA,1
AL,1
IN,1
VA,1
MI,1
NJ,1
TX,1
CA,1
CO,1
IL,1
IL,1
SC,1
CA,1
TX,1
MO,1
TX,1
FL,1
IN,1
MA,1
MN,1
AL,1
KY,1
MO,1
FL,1
MD,1
SC,1
NJ,1
GA,1
PA,1
CA,1
ME,1
TX,1
CA,1
IN,1
NC,1
MO,1
AR,1
CA,1
CA,1
OH,1
FL,1
LA,1
AL,1
LA,1
TN,1
OH,1
PA,1
GA,1
FL,1
TN,1
IL,1
AL,1
OK,1
GA,1
MS,1
CA,1
NC,1
IL,1
IL,1
AR,1
GA,1
NE,1
AR,1
FL,1
TX,1
MI,1
AL,1
WI,1
NC,1
TN,1
TN,1
NY,1
GA,1
LA,1
CO,1
TN,1
KY,1
MD,1
FL,1
MO,1
LA,1
FL,1
IL,1
CA,1
CA,1
MI,1
OH,1
CA,1
NC,1
VA,1
VA,1
LA,1
OH,1
FL,1
FL,1
AL,1
NY,1
FL,1
FL,1
AZ,1
FL,1
CA,1
MD,1
MD,1
NY,1
DC,1
MT,1
MO,1
MD,1
MS,1
CO,1
VA,1
VA,1
CA,1
TX,1
NM,1
CA,1
TX,1
TX,1
TX,1
CA,1
FL,1
AL,1
AZ,1
WI,1
CT,1
MD,1
AZ,1
FL,1
IL,1
NC,1
TX,1
OH,1
UT,1
MD,1
TN,1
MD,1
DC,1
LA,1
IL,1
OH,1
CA,1
WV,1
TX,1
MS,1
CA,1
AR,1
IN,1
MD,1
OH,1
TX,1
FL,1
WA,1
FL,1
NY,1
IL,1
CA,1
SC,1
TX,1
PA,1
SC,1
LA,1
AL,1
MN,1
WI,1
IL,1
IL,1
GA,1
SC,1
MO,1
IL,1
OK,1
OH,1
TN,1
LA,1
FL,1
NC,1
SC,1
IL,1
TX,1
IL,1
AR,1
NC,1
MO,1
AR,1
NY,1
TX,1
IL,1
IN,1
FL,1
MD,1
NM,1
AL,1
IA,1
IN,1
LA,1
CA,1
LA,1
AZ,1
MD,1
SD,1
PA,1
CA,1
NM,1
TN,1
NY,1
AR,1
OH,1
NY,1
OR,1
CO,1
AR,1
PA,1
CA,1
MD,1
FL,1
TX,1
NH,1
NC,1
CA,1
CA,1
CA,1
CA,1
SC,1
KY,1
ID,1
OH,1
AR,1
AL,1
MN,1
DE,1
CO,1
MO,1
PA,1
CO,1
MS,1
FL,1
FL,1
LA,1
CO,1
IN,1
TX,1
DC,1
FL,1
FL,1
AK,1
OH,1
LA,1
MO,1
CA,1
LA,1
TN,1
LA,1
TN,1
TX,1
MD,1
MI,1
IN,1
ME,1
TX,1
PA,1
PA,1
TN,1
NC,1
AL,1
OR,1
AL,1
NJ,1
FL,1
KY,1
VA,1
OH,1
TN,1
CA,1
OH,1
MA,1
OH,1
OH,1
IL,1
FL,1
NC,1
TX,1
TX,1
VA,1
NY,1
NJ,1
MO,1
SC,1
KY,1
TN,1
RI,1
NC,1
WI,1
FL,1
IL,1
NM,1
MO,1
TX,1
AL,1
MS,1
MS,1
LA,1
WI,1
PA,1
PA,1
NV,1
AR,1
TX,1
MD,1
WI,1
KY,1
AZ,1
GA,1
KS,1
CA,1
FL,1
WI,1
MO,1
IL,1
NY,1
NV,1
TN,1
NV,1
FL,1
TX,1
TX,1
CA,1
TX,1
GA,1
PA,1
CA,1
MT,1
WA,1
LA,1
IN,1
VA,1
TX,1
PA,1
MD,1
CA,1
MD,1
KY,1
CA,1
CT,1
MS,1
CA,1
MO,1
MI,1
NC,1
AZ,1
MO,1
IN,1
MD,1
NC,1
TN,1
OK,1
LA,1
WI,1
NC,1
TN,1
KY,1
CA,1
WI,1
TX,1
NH,1
MO,1
OH,1
SC,1
MO,1
MD,1
TX,1
TX,1
MI,1
NC,1
TX,1
PA,1
MA,1
UT,1
WV,1
AZ,1
GA,1
IN,1
IN,1
NY,1
AL,1
WV,1
WV,1
GA,1
GA,1
NC,1
MD,1
TX,1
TX,1
DC,1
MO,1
OH,1
NV,1
IN,1
PA,1
PA,1
FL,1
MI,1
FL,1
AL,1
GA,1
UT,1
FL,1
FL,1
GA,1
GA,1
IL,1
MI,1
CA,1
TN,1
NC,1
TX,1
TX,1
NC,1
IN,1
KS,1
AL,1
GA,1
IL,1
AL,1
AL,1
FL,1
TX,1
UT,1
VA,1
OH,1
MS,1
AL,1
LA,1
NC,1
IN,1
IL,1
SC,1
AR,1
CA,1
PA,1
IL,1
TX,1
CA,1
PA,1
TN,1
CA,1
TX,1
SC,1
MI,1
OH,1
IL,1
NC,1
MI,1
OH,1
MN,1
NJ,1
TN,1
NM,1
NV,1
SC,1
NV,1
CA,1
WI,1
CA,1
OH,1
NJ,1
NC,1
CA,1
GA,1
PA,1
FL,1
MS,1
IL,1
FL,1
OH,1
SC,1
TN,1
KY,1
VA,1
AL,1
IL,1
DC,1
MD,1
KY,1
FL,1
IN,1
IL,1
IA,1
MN,1
SC,1
AZ,1
WI,1
AL,1
GA,1
NC,1
OK,1
IL,1
VA,1
TX,1
MD,1
OH,1
SC,1
GA,1
OH,1
CA,1
KY,1
CT,1
MD,1
OH,1
CA,1
CA,1
FL,1
IN,1
CA,1
CA,1
SC,1
KY,1
CA,1
TN,1
MT,1
MS,1
MI,1
VA,1
MO,1
TN,1
FL,1
TN,1
FL,1
NC,1
FL,1
CA,1
PA,1
CA,1
IL,1
GA,1
MO,1
GA,1
MS,1
MS,1
MO,1
VA,1
AR,1
NJ,1
MS,1
GA,1
NY,1
TX,1
TN,1
OH,1
TX,1
TX,1
MS,1
AZ,1
NV,1
IL,1
WI,1
MA,1
TX,1
PA,1
CA,1
MO,1
OR,1
MO,1
LA,1
CA,1
NC,1
FL,1
MD,1
TX,1
NJ,1
NJ,1
KS,1
AL,1
CA,1
CA,1
IL,1
CA,1
AL,1
AR,1
PA,1
SC,1
MO,1
MO,1
CA,1
AR,1
CA,1
GA,1
MO,1
MA,1
MO,1
OH,1
IL,1
OH,1
IL,1
NY,1
MO,1
AR,1
GA,1
AL,1
MS,1
OH,1
FL,1
LA,1
NY,1
TN,1
LA,1
TN,1
NC,1
FL,1
TN,1
PA,1
FL,1
VA,1
KS,1
MD,1
MD,1
NC,1
IN,1
CA,1
PA,1
AL,1
TX,1
CA,1
MO,1
MI,1
NM,1
LA,1
OH,1
IL,1
VA,1
WI,1
IL,1
MD,1
IL,1
PA,1
TN,1
PA,1
IL,1
AR,1
OH,1
CA,1
IL,1
NJ,1
DE,1
NJ,1
IL,1
IL,1
FL,1
OH,1
CA,1
OK,1
WA,1
PA,1
AL,1
AR,1
NV,1
GA,1
OK,1
TN,1
PA,1
LA,1
SC,1
SC,1
MS,1
PA,1
DC,1
TX,1
IN,1
TN,1
MO,1
MO,1
NY,1
NY,1
WV,1
CA,1
CA,1
LA,1
OH,1
TX,1
AZ,1
DC,1
WI,1
MD,1
NC,1
IL,1
MO,1
CA,1
OH,1
IL,1
SC,1
KY,1
OK,1
OH,1
NC,1
OH,1
TX,1
FL,1
NC,1
AZ,1
LA,1
FL,1
AL,1
MD,1
NC,1
MD,1
NY,1
AL,1
PA,1
NV,1
NM,1
AR,1
MD,1
SC,1
PA,1
NY,1
MI,1
IN,1
MD,1
TX,1
AL,1
TX,1
NC,1
TX,1
CA,1
CT,1
IL,1
NJ,1
IL,1
LA,1
TN,1
WA,1
MS,1
AZ,1
CA,1
NM,1
KY,1
IL,1
IL,1
MO,1
MO,1
OK,1
FL,1
KS,1
MD,1
MD,1
TN,1
LA,1
MO,1
CA,1
IN,1
KY,1
MS,1
CA,1
TX,1
TX,1
WA,1
SC,1
LA,1
AL,1
VA,1
GA,1
AL,1
CT,1
NC,1
CO,1
CT,1
MI,1
NJ,1
IN,1
WA,1
WA,1
OK,1
CA,1
TX,1
MO,1
IL,1
CO,1
CO,1
OH,1
TN,1
AR,1
WA,1
WI,1
FL,1
IN,1
GA,1
FL,1
IN,1
IL,1
CO,1
NM,1
IL,1
SC,1
TX,1
IL,1
MA,1
MN,1
PA,1
NY,1
UT,1
CA,1
UT,1
NJ,1
LA,1
GA,1
MD,1
WV,1
GA,1
NY,1
MI,1
GA,1
PA,1
SC,1
AK,1
TX,1
MI,1
ND,1
NC,1
AL,1
AR,1
FL,1
IL,1
IL,1
CO,1
CO,1
IN,1
DC,1
KY,1
FL,1
CA,1
DC,1
KY,1
PA,1
LA,1
TN,1
AL,1
NJ,1
AR,1
IL,1
GA,1
IL,1
MD,1
SC,1
CT,1
CA,1
IL,1
TN,1
MI,1
OH,1
MI,1
SC,1
WI,1
NJ,1
SC,1
GA,1
NV,1
IN,1
AZ,1
TX,1
MD,1
CA,1
SC,1
MI,1
MO,1
MS,1
SC,1
GA,1
PA,1
IN,1
IL,1
NY,1
AZ,1
IL,1
AL,1
WA,1
MS,1
MI,1
CA,1
MO,1
OH,1
AK,1
TN,1
CO,1
FL,1
IL,1
IL,1
MD,1
MO,1
NC,1
TX,1
SC,1
CA,1
CA,1
MS,1
PA,1
AK,1
PA,1
TX,1
GA,1
VA,1
AR,1
AZ,1
NY,1
CA,1
CO,1
MA,1
KS,1
MO,1
KS,1
NC,1
CA,1
NC,1
MO,1
MO,1
AL,1
NC,1
MO,1
MA,1
NY,1
OH,1
KY,1
MO,1
KY,1
MO,1
PA,1
MA,1
SC,1
AL,1
GA,1
CO,1
NM,1
LA,1
MD,1
CA,1
IN,1
GA,1
MO,1
VA,1
TX,1
NJ,1
FL,1
FL,1
OH,1
TX,1
SC,1
IL,1
FL,1
TX,1
NJ,1
PA,1
MD,1
FL,1
GA,1
VA,1
PA,1
AL,1
IL,1
AR,1
TX,1
MO,1
CO,1
CA,1
MO,1
IA,1
NY,1
IL,1
NC,1
OK,1
GA,1
MO,1
SC,1
MD,1
FL,1
TX,1
KS,1
NM,1
LA,1
SC,1
AZ,1
FL,1
AL,1
CA,1
AR,1
OH,1
TX,1
OH,1
TN,1
NC,1
CA,1
CA,1
MO,1
IN,1
TX,1
OH,1
IL,1
GA,1
CA,1
VA,1
VA,1
AL,1
IL,1
IL,1
UT,1
FL,1
NY,1
NC,1
MS,1
WA,1
MA,1
GA,1
MA,1
TN,1
NJ,1
LA,1
TX,1
OK,1
NC,1
TX,1
WI,1
NC,1
TX,1
IL,1
TX,1
OH,1
FL,1
OH,1
FL,1
NC,1
LA,1
OH,1
IL,1
GA,1
IL,1
TN,1
SC,1
FL,1
MO,1
SC,1
MO,1
IN,1
IL,1
IN,1
MO,1
CA,1
GA,1
IA,1
CO,1
CO,1
NC,1
IL,1
CA,1
TX,1
AL,1
CA,1
GA,1
FL,1
IL,1
CA,1
AL,1
CA,1
TN,1
MO,1
NJ,1
WI,1
OR,1
MD,1
NY,1
OH,1
NC,1
UT,1
IN,1
MS,1
NC,1
SC,1
NY,1
PA,1
OK,1
NC,1
IN,1
OH,1
MS,1
CA,1
WI,1
WI,1
LA,1
IN,1
CO,1
IL,1
FL,1
CA,1
SC,1
OK,1
AZ,1
CA,1
GA,1
TN,1
LA,1
WA,1
NC,1
LA,1
NC,1
IL,1
IL,1
GA,1
IA,1
WV,1
NM,1
AR,1
GA,1
AL,1
SC,1
MO,1
CA,1
NY,1
CA,1
CA,1
GA,1
LA,1
NY,1
FL,1
MD,1
MD,1
IL,1
SC,1
CA,1
FL,1
MD,1
CA,1
IL,1
TX,1
WV,1
SC,1
CA,1
KY,1
CO,1
GA,1
NC,1
CO,1
IL,1
LA,1
FL,1
MD,1
NV,1
NC,1
MO,1
KS,1
OK,1
WI,1
OH,1
KY,1
DC,1
TX,1
AL,1
UT,1
OH,1
TX,1
CA,1
VA,1
NJ,1
CT,1
MO,1
TX,1
MO,1
NJ,1
CO,1
CA,1
DC,1
OH,1
FL,1
NC,1
CA,1
CA,1
CA,1
LA,1
PA,1
IL,1
KY,1
GA,1
MI,1
MI,1
DE,1
OR,1
NC,1
AL,1
OH,1
PA,1
KS,1
KS,1
VA,1
MS,1
NC,1
CA,1
TX,1
LA,1
FL,1
MD,1
MD,1
CA,1
MD,1
OH,1
MA,1
GA,1
NJ,1
MO,1
MO,1
AL,1
CA,1
NC,1
TN,1
CA,1
OH,1
GA,1
VA,1
MO,1
TN,1
PA,1
IL,1
FL,1
NY,1
MS,1
NC,1
IA,1
TN,1
PA,1
CA,1
TX,1
CA,1
AZ,1
PA,1
AZ,1
AZ,1
CA,1
CA,1
MO,1
WY,1
UT,1
TX,1
CA,1
WA,1
IL,1
MN,1
IL,1
SC,1
AR,1
VA,1
MO,1
GA,1
OH,1
IL,1
IL,1
IL,1
IL,1
NC,1
MO,1
AL,1
WI,1
TX,1
OK,1
MO,1
GA,1
MO,1
OH,1
TX,1
FL,1
TN,1
OH,1
KY,1
TX,1
GA,1
OH,1
OH,1
NM,1
CA,1
MI,1
MO,1
NC,1
OK,1
TX,1
OH,1
NJ,1
KY,1
IL,1
IL,1
GA,1
NY,1
IL,1
IL,1
GA,1
AK,1
LA,1
CA,1
CA,1
GA,1
NC,1
IN,1
OH,1
IN,1
IN,1
NC,1
CA,1
NJ,1
CA,1
CA,1
MA,1
IA,1
MI,1
CO,1
MD,1
TX,1
IL,1
SC,1
NJ,1
TN,1
OH,1
GA,1
CA,1
MN,1
AZ,1
SD,1
GA,1
AL,1
OH,1
PA,1
FL,1
KS,1
ME,1
CT,1
FL,1
AL,1
ME,1
VA,1
FL,1
CA,1
VA,1
TX,1
OH,1
KY,1
GA,1
IL,1
IL,1
CA,1
OH,1
FL,1
GA,1
LA,1
TN,1
IL,1
MS,1
NM,1
OH,1
PA,1
MN,1
TX,1
PA,1
LA,1
MA,1
IN,1
OH,1
IL,1
IN,1
WA,1
LA,1
IN,1
NY,1
PA,1
AL,1
CA,1
CA,1
CA,1
MO,1
OH,1
NC,1
TX,1
MS,1
KS,1
PA,1
FL,1
CA,1
MS,1
IN,1
DC,1
MI,1
IL,1
MI,1
PA,1
PA,1
LA,1
LA,1
TX,1
MD,1
CA,1
OH,1
CA,1
MN,1
VA,1
NV,1
AR,1
LA,1
TX,1
CA,1
CT,1
CA,1
MD,1
IN,1
MS,1
FL,1
NC,1
MO,1
TN,1
FL,1
TN,1
IN,1
NV,1
GA,1
IL,1
MO,1
VA,1
MS,1
SC,1
LA,1
FL,1
AZ,1
FL,1
CA,1
MI,1
OK,1
OH,1
WI,1
WI,1
PA,1
MS,1
MO,1
VA,1
MS,1
AZ,1
SC,1
GA,1
IL,1
TX,1
MS,1
FL,1
OH,1
TX,1
OK,1
AZ,1
GA,1
CA,1
NM,1
FL,1
TN,1
CA,1
IA,1
OK,1
TN,1
MA,1
VT,1
MO,1
FL,1
IL,1
MO,1
OH,1
PA,1
DC,1
LA,1
TX,1
IL,1
NJ,1
TN,1
IL,1
MO,1
OH,1
MI,1
SC,1
KY,1
GA,1
TX,1
DE,1
MD,1
MD,1
MD,1
KY,1
CA,1
NJ,1
NC,1
CA,1
WV,1
OH,1
WI,1
MS,1
TN,1
WI,1
VA,1
FL,1
TX,1
VA,1
GA,1
KS,1
MN,1
AZ,1
TX,1
IA,1
NM,1
PA,1
VA,1
VA,1
CA,1
MS,1
CA,1
CA,1
WA,1
GA,1
OR,1
OH,1
OK,1
NY,1
AL,1
IL,1
KY,1
MO,1
AL,1
LA,1
IL,1
SC,1
NJ,1
KY,1
IL,1
NY,1
LA,1
WV,1
DE,1
OH,1
MD,1
GA,1
VA,1
GA,1
GA,1
OK,1
OH,1
OH,1
MO,1
OH,1
CA,1
CA,1
VA,1
VA,1
MD,1
MD,1
WI,1
OH,1
TN,1
OH,1
MD,1
TN,1
LA,1
GA,1
TX,1
MO,1
TX,1
TX,1
MA,1
CA,1
TX,1
MD,1
MS,1
SC,1
AL,1
FL,1
CA,1
IL,1
NJ,1
TX,1
SC,1
MS,1
IL,1
PA,1
TX,1
MO,1
MI,1
NC,1
PA,1
SC,1
CO,1
CA,1
NY,1
MA,1
TX,1
FL,1
IN,1
GA,1
NE,1
FL,1
TX,1
OR,1
IL,1
LA,1
CA,1
MO,1
MA,1
MO,1
NM,1
AL,1
AL,1
OH,1
IL,1
IA,1
TX,1
MA,1
NE,1
AZ,1
AL,1
NY,1
MD,1
CA,1
MD,1
CA,1
MS,1
NC,1
IL,1
IL,1
IN,1
AL,1
MO,1
MS,1
AL,1
CA,1
NV,1
OK,1
MO,1
OK,1
CA,1
OH,1
VA,1
CA,1
IN,1
WI,1
CA,1
SC,1
DE,1
IL,1
IN,1
CA,1
MI,1
PA,1
OR,1
FL,1
TX,1
PA,1
FL,1
LA,1
IL,1
LA,1
TX,1
MO,1
NJ,1
MI,1
OR,1
ID,1
MI,1
SC,1
TX,1
AL,1
NC,1
CA,1
AK,1
CA,1
MO,1
IL,1
SC,1
TN,1
TX,1
KS,1
MA,1
MI,1
FL,1
MO,1
IN,1
CA,1
IL,1
IN,1
AZ,1
PA,1
TX,1
CA,1
OH,1
PA,1
FL,1
AR,1
GA,1
MS,1
OH,1
TX,1
MN,1
MI,1
NC,1
VA,1
WY,1
MI,1
VA,1
PA,1
PA,1
IA,1
NJ,1
IL,1
NJ,1
NC,1
PA,1
IL,1
CA,1
DC,1
PA,1
MO,1
MN,1
AR,1
CA,1
DC,1
CA,1
WA,1
OH,1
VA,1
LA,1
LA,1
OH,1
NV,1
KY,1
LA,1
CA,1
MS,1
WA,1
AZ,1
CA,1
OH,1
MD,1
PA,1
MI,1
TN,1
AZ,1
MT,1
MA,1
MI,1
VA,1
LA,1
OH,1
MO,1
NE,1
MD,1
WI,1
TX,1
TX,1
WA,1
OK,1
PA,1
CA,1
TX,1
MO,1
MS,1
MS,1
AL,1
VA,1
TN,1
MO,1
FL,1
IL,1
PA,1
IL,1
IL,1
IL,1
LA,1
TX,1
MO,1
FL,1
FL,1
TX,1
MI,1
CA,1
CA,1
MN,1
LA,1
NC,1
NH,1
AR,1
MS,1
OH,1
VA,1
IN,1
TX,1
SC,1
MO,1
PA,1
WA,1
OK,1
TN,1
PA,1
FL,1
OH,1
TN,1
TN,1
AK,1
LA,1
GA,1
GA,1
MO,1
SC,1
TN,1
FL,1
DC,1
NY,1
PA,1
WV,1
AL,1
OH,1
WA,1
FL,1
AL,1
MS,1
IL,1
AZ,1
SC,1
CA,1
GA,1
CA,1
MS,1
PA,1
FL,1
GA,1
FL,1
IL,1
IL,1
NV,1
GA,1
MO,1
CT,1
TN,1
FL,1
WA,1
KS,1
LA,1
WA,1
NM,1
OH,1
TX,1
NH,1
IL,1
MN,1
OK,1
TN,1
LA,1
LA,1
PA,1
PA,1
VA,1
WI,1
DE,1
GA,1
FL,1
NH,1
WA,1
SC,1
PA,1
WA,1
TX,1
IL,1
IL,1
CA,1
IL,1
FL,1
NJ,1
IL,1
IL,1
CA,1
IN,1
FL,1
NY,1
IN,1
FL,1
SC,1
CA,1
CA,1
NC,1
IN,1
AL,1
LA,1
OH,1
GA,1
MO,1
GA,1
IA,1
FL,1
NJ,1
AL,1
MS,1
WI,1
MT,1
SC,1
TN,1
GA,1
IL,1
IL,1
IL,1
NY,1
NJ,1
HI,1
MD,1
MO,1
GA,1
MD,1
WA,1
TX,1
WV,1
TX,1
MO,1
PA,1
MS,1
GA,1
PA,1
NC,1
CA,1
CA,1
VA,1
OK,1
DC,1
VA,1
IN,1
NC,1
SC,1
NJ,1
IN,1
LA,1
WA,1
PA,1
WV,1
IL,1
AL,1
NY,1
IL,1
IL,1
LA,1
CO,1
IL,1
IL,1
GA,1
MD,1
OH,1
OR,1
MI,1
MI,1
WA,1
VA,1
FL,1
OH,1
WI,1
OR,1
TX,1
OK,1
CA,1
WI,1
CA,1
WI,1
AL,1
OK,1
PA,1
AL,1
NE,1
LA,1
AL,1
OH,1
OH,1
OH,1
GA,1
NC,1
TX,1
AZ,1
NE,1
IL,1
MI,1
TX,1
TX,1
ID,1
IL,1
NM,1
KY,1
MO,1
LA,1
KY,1
GA,1
PA,1
GA,1
NC,1
TX,1
CA,1
NJ,1
PA,1
PA,1
MT,1
TX,1
PA,1
LA,1
FL,1
NC,1
PA,1
IL,1
MN,1
OR,1
AR,1
MD,1
KS,1
IL,1
AL,1
TX,1
LA,1
LA,1
LA,1
IN,1
IL,1
CA,1
VA,1
VA,1
CA,1
OK,1
TX,1
NC,1
CA,1
FL,1
MO,1
OH,1
AL,1
OH,1
CA,1
VA,1
AL,1
MD,1
TX,1
MO,1
WA,1
AK,1
FL,1
TX,1
AL,1
NY,1
NY,1
NJ,1
NJ,1
GA,1
FL,1
SC,1
OK,1
IL,1
LA,1
NC,1
IN,1
NC,1
SC,1
IL,1
TX,1
LA,1
OH,1
WA,1
MO,1
HI,1
OH,1
AL,1
MD,1
MS,1
IN,1
MI,1
SC,1
MD,1
IN,1
IL,1
CO,1
IL,1
MI,1
TX,1
KY,1
PA,1
CA,1
CA,1
WI,1
VA,1
CA,1
OH,1
CA,1
TX,1
IL,1
CO,1
NJ,1
MI,1
TX,1
NM,1
CA,1
CT,1
OH,1
WA,1
WA,1
AR,1
GA,1
AL,1
GA,1
AR,1
NY,1
AZ,1
LA,1
SC,1
LA,1
IL,1
OK,1
CT,1
WI,1
NV,1
TX,1
PA,1
NC,1
CO,1
KS,1
CA,1
VA,1
KY,1
KS,1
MO,1
KS,1
IL,1
FL,1
CA,1
MD,1
WA,1
PA,1
FL,1
MI,1
PA,1
MD,1
SC,1
MI,1
OK,1
CA,1
FL,1
NC,1
IN,1
PA,1
MI,1
MS,1
IN,1
MI,1
IL,1
GA,1
IN,1
CA,1
TN,1
FL,1
TN,1
AZ,1
TN,1
VA,1
MO,1
OK,1
MO,1
NJ,1
OH,1
PA,1
MD,1
MD,1
MD,1
AL,1
MN,1
WI,1
NE,1
AL,1
IL,1
AL,1
IL,1
SC,1
UT,1
NY,1
NV,1
CA,1
CA,1
TN,1
WI,1
MD,1
LA,1
IL,1
MD,1
MD,1
CA,1
DC,1
DE,1
GA,1
GA,1
OH,1
CA,1
FL,1
IN,1
MS,1
PA,1
TN,1
NJ,1
CA,1
GA,1
TN,1
DC,1
OH,1
MI,1
FL,1
CA,1
LA,1
IN,1
MA,1
TX,1
AZ,1
FL,1
FL,1
AL,1
GA,1
CO,1
MI,1
AL,1
MD,1
MD,1
NJ,1
AZ,1
PA,1
FL,1
IL,1
IL,1
PA,1
NC,1
GA,1
LA,1
LA,1
CO,1
SC,1
NM,1
NC,1
WI,1
MO,1
MO,1
NV,1
FL,1
AR,1
TX,1
CA,1
NY,1
AL,1
PA,1
SC,1
FL,1
IL,1
FL,1
MO,1
PA,1
LA,1
TX,1
MO,1
ID,1
OR,1
CA,1
PA,1
NJ,1
PA,1
MT,1
MI,1
MA,1
NY,1
IA,1
WA,1
MA,1
IL,1
CA,1
TX,1
FL,1
MI,1
IL,1
TN,1
IL,1
SC,1
MO,1
IL,1
AL,1
TX,1
AL,1
TX,1
GA,1
IN,1
PA,1
GA,1
MS,1
CA,1
MD,1
FL,1
FL,1
PA,1
FL,1
VA,1
CA,1
OK,1
IL,1
OH,1
LA,1
TX,1
NC,1
MD,1
ID,1
IN,1
SC,1
NY,1
TN,1
IL,1
IL,1
PA,1
CA,1
NV,1
UT,1
CA,1
SC,1
CA,1
IN,1
OH,1
CA,1
AR,1
KS,1
LA,1
CA,1
IN,1
NC,1
DE,1
VA,1
NY,1
AL,1
AL,1
IL,1
NC,1
NC,1
TX,1
IA,1
MA,1
LA,1
CA,1
TX,1
CA,1
ID,1
TX,1
MD,1
TN,1
NY,1
TN,1
PA,1
PA,1
FL,1
IN,1
MN,1
IL,1
WA,1
IL,1
FL,1
IL,1
MS,1
MS,1
MO,1
GA,1
TN,1
IL,1
GA,1
MO,1
AL,1
NC,1
TN,1
MN,1
CA,1
NC,1
NY,1
AL,1
GA,1
AL,1
MO,1
SC,1
OR,1
NY,1
IN,1
SC,1
GA,1
IN,1
TN,1
IN,1
NY,1
MS,1
FL,1
AL,1
FL,1
TX,1
OH,1
AL,1
NH,1
IN,1
OK,1
TN,1
VA,1
TX,1
WI,1
VA,1
GA,1
OH,1
TX,1
ME,1
IN,1
SC,1
FL,1
PA,1
OH,1
NC,1
NC,1
CA,1
MD,1
SC,1
FL,1
AK,1
MS,1
IL,1
AZ,1
IL,1
OK,1
GA,1
MD,1
TX,1
FL,1
NY,1
NV,1
PA,1
SC,1
PA,1
NY,1
MD,1
AL,1
AL,1
PA,1
NY,1
SC,1
OH,1
LA,1
MD,1
MO,1
NC,1
CA,1
IL,1
FL,1
LA,1
PA,1
CO,1
NV,1
IN,1
CA,1
GA,1
IL,1
TX,1
NV,1
IA,1
GA,1
WI,1
IL,1
MO,1
CA,1
MD,1
GA,1
VA,1
CO,1
ME,1
MD,1
LA,1
NC,1
LA,1
MS,1
IL,1
GA,1
NC,1
AR,1
CA,1
MA,1
IL,1
NC,1
TX,1
MI,1
CA,1
PA,1
NY,1
IL,1
MO,1
VA,1
TX,1
MI,1
FL,1
LA,1
AZ,1
NC,1
GA,1
CA,1
PA,1
IL,1
TN,1
CA,1
IL,1
CO,1
OK,1
MO,1
IN,1
GA,1
NC,1
OH,1
FL,1
LA,1
OH,1
LA,1
NC,1
MI,1
TX,1
IL,1
MO,1
WA,1
CO,1
CA,1
PA,1
SC,1
WA,1
MI,1
MI,1
OK,1
OK,1
SC,1
AZ,1
MD,1
LA,1
PA,1
GA,1
PA,1
IL,1
AL,1
TN,1
CA,1
MO,1
FL,1
IL,1
GA,1
FL,1
VA,1
TN,1
KY,1
NY,1
SD,1
CA,1
TN,1
NJ,1
NY,1
CA,1
IL,1
MA,1
IA,1
MD,1
GA,1
AL,1
OH,1
AL,1
CA,1
MN,1
AL,1
TX,1
NV,1
GA,1
GA,1
DE,1
TX,1
IL,1
MS,1
CA,1
NE,1
CA,1
AK,1
VA,1
MD,1
MI,1
KS,1
FL,1
MD,1
MO,1
MO,1
AZ,1
CO,1
CO,1
IL,1
CA,1
IA,1
MO,1
CA,1
WV,1
IN,1
FL,1
NJ,1
AZ,1
AZ,1
NC,1
IL,1
PA,1
FL,1
TX,1
OR,1
IL,1
IL,1
FL,1
CA,1
NC,1
AR,1
TX,1
OK,1
AL,1
TN,1
KS,1
MS,1
TX,1
IL,1
OH,1
MS,1
CA,1
NV,1
GA,1
NC,1
TN,1
GA,1
TX,1
MO,1
WI,1
IL,1
CA,1
CT,1
FL,1
IN,1
MS,1
NY,1
CA,1
MS,1
AR,1
UT,1
TX,1
AZ,1
RI,1
MI,1
MI,1
OH,1
MO,1
MO,1
SC,1
TX,1
IN,1
KY,1
WV,1
WV,1
KY,1
AZ,1
IL,1
VA,1
IL,1
AZ,1
DC,1
TX,1
CA,1
OH,1
MS,1
NY,1
CA,1
NC,1
MI,1
VA,1
TN,1
DC,1
GA,1
NC,1
OH,1
PA,1
NC,1
OH,1
FL,1
IN,1
NY,1
CA,1
NC,1
WA,1
GA,1
GA,1
TX,1
TX,1
MO,1
LA,1
CA,1
PA,1
NJ,1
WV,1
KY,1
CA,1
FL,1
NC,1
TN,1
MS,1
IL,1
MI,1
MD,1
SC,1
IL,1
TX,1
KY,1
IL,1
TX,1
NC,1
MI,1
OH,1
TX,1
LA,1
FL,1
KS,1
IN,1
LA,1
CA,1
IL,1
TN,1
WA,1
DC,1
SC,1
FL,1
TX,1
NY,1
TX,1
CA,1
VA,1
TN,1
CT,1
TN,1
NY,1
TN,1
GA,1
VA,1
TN,1
TN,1
MO,1
MO,1
MD,1
VA,1
MD,1
LA,1
FL,1
IL,1
AR,1
PA,1
AL,1
AR,1
TN,1
OH,1
CA,1
NC,1
AR,1
SC,1
CA,1
OK,1
AK,1
PA,1
SC,1
MS,1
MS,1
IN,1
KY,1
SC,1
IL,1
CO,1
FL,1
MO,1
CT,1
PA,1
IA,1
AZ,1
CA,1
NC,1
PA,1
TX,1
PA,1
FL,1
TX,1
TX,1
TX,1
AZ,1
MO,1
NY,1
CA,1
NC,1
FL,1
DC,1
OK,1
SC,1
AL,1
TN,1
AL,1
PA,1
OH,1
AZ,1
LA,1
IL,1
MO,1
OH,1
TN,1
FL,1
FL,1
SC,1
MS,1
TX,1
IN,1
NY,1
FL,1
VA,1
NC,1
NY,1
FL,1
MD,1
AL,1
MS,1
TN,1
MD,1
WV,1
MS,1
NY,1
IL,1
IL,1
LA,1
CO,1
NC,1
IL,1
KY,1
IN,1
MI,1
CA,1
CA,1
TX,1
IL,1
CA,1
GA,1
AK,1
MA,1
GA,1
IL,1
LA,1
AR,1
TX,1
NC,1
CT,1
NC,1
GA,1
GA,1
NV,1
SC,1
CT,1
NJ,1
AL,1
CA,1
IN,1
PA,1
OK,1
TX,1
GA,1
PA,1
MA,1
NC,1
TX,1
CA,1
TX,1
PA,1
OH,1
WA,1
GA,1
GA,1
CA,1
NC,1
NY,1
RI,1
OK,1
IL,1
IL,1
PA,1
AL,1
LA,1
OH,1
NJ,1
AL,1
LA,1
MD,1
AR,1
MS,1
MN,1
NC,1
NC,1
NM,1
MO,1
OH,1
TX,1
NC,1
AZ,1
TX,1
TX,1
AL,1
IL,1
WA,1
IL,1
TX,1
OR,1
CA,1
CA,1
TX,1
KY,1
NC,1
KY,1
IL,1
IL,1
VA,1
MD,1
IN,1
MO,1
VA,1
MO,1
FL,1
CA,1
CA,1
AZ,1
PA,1
TX,1
SC,1
TX,1
NV,1
DE,1
IN,1
KY,1
AR,1
MO,1
TX,1
VA,1
TX,1
PA,1
SC,1
TX,1
OH,1
CA,1
CA,1
GA,1
NJ,1
TX,1
AZ,1
MI,1
FL,1
MT,1
CO,1
IN,1
MD,1
FL,1
PA,1
VA,1
IL,1
AL,1
MS,1
MO,1
GA,1
IN,1
MT,1
VA,1
IN,1
IL,1
LA,1
MO,1
WA,1
OH,1
AL,1
AL,1
AL,1
OK,1
MA,1
PA,1
IL,1
CA,1
CA,1
SC,1
NJ,1
MD,1
NJ,1
NC,1
OH,1
GA,1
NM,1
AZ,1
WA,1
MI,1
CO,1
NC,1
AZ,1
IN,1
TX,1
MO,1
TX,1
OH,1
TX,1
IA,1
FL,1
FL,1
LA,1
PA,1
AR,1
CA,1
GA,1
CA,1
IL,1
NY,1
FL,1
IL,1
IL,1
IN,1
KY,1
LA,1
MT,1
IL,1
AL,1
LA,1
LA,1
MO,1
MS,1
FL,1
MA,1
TX,1
TX,1
CA,1
FL,1
IL,1
NJ,1
AL,1
GA,1
KY,1
GA,1
IN,1
WA,1
KY,1
CA,1
PA,1
NC,1
PA,1
SC,1
TX,1
WA,1
MA,1
NY,1
SC,1
NY,1
OH,1
NH,1
PA,1
UT,1
MS,1
FL,1
CA,1
OR,1
AL,1
TX,1
FL,1
CA,1
CA,1
WI,1
FL,1
IN,1
TN,1
KY,1
MD,1
TX,1
AZ,1
VA,1
VA,1
TX,1
MI,1
OH,1
IN,1
GA,1
DC,1
LA,1
FL,1
CA,1
CA,1
FL,1
WV,1
IL,1
AZ,1
FL,1
MS,1
TX,1
MO,1
TX,1
NE,1
AZ,1
TX,1
TX,1
UT,1
MO,1
IL,1
MO,1
KY,1
AZ,1
LA,1
OH,1
FL,1
AZ,1
LA,1
OK,1
MD,1
SC,1
SC,1
NC,1
GA,1
PA,1
GA,1
CA,1
IN,1
VA,1
TX,1
NY,1
CA,1
CA,1
TN,1
CA,1
OH,1
DC,1
TX,1
ID,1
MN,1
CA,1
MI,1
TX,1
MI,1
FL,1
OR,1
MI,1
WI,1
DC,1
AL,1
OR,1
TX,1
MN,1
CA,1
GA,1
TX,1
MO,1
FL,1
TX,1
CA,1
MI,1
PA,1
PA,1
PA,1
IL,1
TX,1
TX,1
FL,1
FL,1
IL,1
MI,1
TX,1
GA,1
TX,1
UT,1
LA,1
AR,1
NV,1
IL,1
CA,1
WV,1
PA,1
NJ,1
TX,1
MI,1
CA,1
AK,1
MO,1
NY,1
KY,1
AZ,1
VA,1
OK,1
CT,1
AZ,1
TN,1
IL,1
MA,1
ND,1
AR,1
LA,1
VA,1
GA,1
TX,1
TX,1
AL,1
MS,1
OH,1
FL,1
CA,1
PA,1
NY,1
TX,1
LA,1
CA,1
CA,1
AZ,1
GA,1
CA,1
TN,1
MD,1
OH,1
MO,1
NV,1
CO,1
AL,1
FL,1
CA,1
CA,1
OH,1
KS,1
TN,1
TX,1
CO,1
NC,1
GA,1
LA,1
GA,1
IN,1
MD,1
NV,1
AR,1
NY,1
CT,1
SC,1
IL,1
MO,1
PA,1
TX,1
MD,1
GA,1
NC,1
OH,1
AR,1
NC,1
GA,1
LA,1
WA,1
TX,1
MO,1
UT,1
IN,1
TN,1
AK,1
UT,1
NJ,1
TN,1
NY,1
WA,1
OK,1
LA,1
LA,1
MO,1
MI,1
TN,1
OH,1
OH,1
SC,1
PA,1
FL,1
MO,1
IL,1
KY,1
TN,1
GA,1
OH,1
PA,1
TX,1
IL,1
WV,1
WI,1
TX,1
AZ,1
MO,1
PA,1
MO,1
FL,1
IL,1
AL,1
IL,1
KY,1
NY,1
NV,1
PA,1
OH,1
CO,1
FL,1
AR,1
AR,1
OK,1
WI,1
MO,1
FL,1
PA,1
MO,1
GA,1
LA,1
GA,1
OK,1
OH,1
MD,1
IL,1
MS,1
TN,1
CA,1
GA,1
FL,1
MI,1
WA,1
SC,1
DC,1
OH,1
OH,1
NJ,1
PA,1
NV,1
GA,1
PA,1
FL,1
FL,1
MD,1
VA,1
AL,1
OH,1
TX,1
VA,1
OH,1
AL,1
MI,1
MD,1
IN,1
LA,1
TX,1
MI,1
WI,1
NY,1
TX,1
GA,1
FL,1
NM,1
IL,1
CA,1
VA,1
AL,1
NJ,1
NJ,1
AZ,1
AZ,1
CO,1
MD,1
KY,1
LA,1
CA,1
NJ,1
CA,1
OR,1
MO,1
CA,1
LA,1
MD,1
NY,1
NJ,1
FL,1
FL,1
AL,1
WI,1
ME,1
NY,1
TX,1
NC,1
AZ,1
CA,1
MO,1
MO,1
AL,1
VA,1
AL,1
TX,1
WI,1
IN,1
LA,1
CA,1
LA,1
LA,1
GA,1
CA,1
PA,1
CA,1
WA,1
HI,1
IL,1
NY,1
NJ,1
TN,1
CA,1
MS,1
OK,1
NY,1
PA,1
IL,1
KS,1
TN,1
VA,1
TN,1
OK,1
CO,1
IL,1
MA,1
AR,1
IL,1
NC,1
IN,1
MD,1
CO,1
NC,1
AZ,1
GA,1
TX,1
NY,1
CA,1
MA,1
NC,1
CO,1
MO,1
NC,1
WA,1
PA,1
MO,1
GA,1
TX,1
MD,1
MD,1
FL,1
NC,1
UT,1
WI,1
OH,1
MD,1
SC,1
FL,1
NY,1
OH,1
PA,1
MO,1
FL,1
CA,1
CO,1
LA,1
KY,1
IN,1
LA,1
LA,1
MN,1
MS,1
FL,1
NH,1
GA,1
TX,1
AL,1
FL,1
GA,1
KY,1
OK,1
MD,1
MA,1
GA,1
RI,1
OH,1
GA,1
SC,1
MD,1
LA,1
MS,1
TN,1
LA,1
LA,1
IL,1
IL,1
LA,1
SC,1
MS,1
NY,1
LA,1
FL,1
AL,1
IN,1
SC,1
CA,1
NJ,1
IN,1
GA,1
IL,1
NY,1
NY,1
FL,1
WI,1
AL,1
PA,1
TX,1
PA,1
GA,1
AL,1
AL,1
TN,1
GA,1
MO,1
PA,1
LA,1
TN,1
AL,1
AL,1
IL,1
KY,1
MI,1
MO,1
AZ,1
NY,1
CA,1
GA,1
UT,1
IL,1
PA,1
MI,1
FL,1
MT,1
MI,1
IN,1
GA,1
OK,1
WA,1
IN,1
PA,1
IL,1
LA,1
FL,1
NV,1
MI,1
VA,1
FL,1
KY,1
LA,1
FL,1
PA,1
AR,1
LA,1
AR,1
MO,1
FL,1
NV,1
TX,1
MD,1
MD,1
PA,1
LA,1
CA,1
CT,1
VA,1
MS,1
LA,1
IN,1
IL,1
MD,1
WA,1
PA,1
NY,1
NV,1
AL,1
TX,1
TX,1
AR,1
MI,1
SC,1
KS,1
CA,1
AL,1
CA,1
LA,1
FL,1
NC,1
LA,1
AZ,1
UT,1
TX,1
FL,1
AZ,1
NY,1
TX,1
NY,1
WA,1
MO,1
MO,1
NM,1
FL,1
MS,1
MS,1
NY,1
SC,1
IL,1
CA,1
NC,1
TX,1
TN,1
MI,1
CA,1
CA,1
CA,1
MT,1
MI,1
CA,1
CO,1
CA,1
WA,1
AL,1
IL,1
IL,1
NC,1
NY,1
AL,1
AR,1
VA,1
MO,1
MD,1
VA,1
NV,1
GA,1
IN,1
TX,1
VA,1
MS,1
MS,1
TN,1
OH,1
NC,1
LA,1
LA,1
MO,1
CA,1
FL,1
NY,1
IN,1
NH,1
AZ,1
CA,1
NC,1
OH,1
OH,1
PA,1
IL,1
PA,1
TN,1
OK,1
OK,1
CA,1
MO,1
MD,1
TX,1
NE,1
TX,1
NV,1
AR,1
KS,1
KY,1
DC,1
MO,1
KY,1
LA,1
SD,1
WA,1
AR,1
SC,1
FL,1
CA,1
IL,1
MO,1
IL,1
IL,1
CA,1
NM,1
CO,1
WI,1
AL,1
LA,1
MS,1
LA,1
TX,1
PA,1
AL,1
GA,1
OH,1
SC,1
KS,1
NE,1
CA,1
FL,1
IN,1
UT,1
LA,1
AL,1
MI,1
FL,1
LA,1
GA,1
VA,1
PA,1
MN,1
TN,1
IN,1
NC,1
NC,1
KY,1
NC,1
CA,1
CO,1
OH,1
CO,1
CA,1
NH,1
NJ,1
FL,1
AL,1
TX,1
OH,1
MD,1
GA,1
SC,1
CA,1
NC,1
CA,1
MA,1
AL,1
TX,1
KY,1
TX,1
TN,1
OH,1
TN,1
OR,1
NC,1
PA,1
IL,1
MO,1
NY,1
OH,1
MO,1
GA,1
TN,1
TX,1
GA,1
NY,1
NY,1
PA,1
IN,1
IA,1
KY,1
IL,1
DC,1
SC,1
DC,1
VA,1
NC,1
AL,1
TN,1
MS,1
AL,1
VA,1
NC,1
IL,1
FL,1
TN,1
OH,1
GA,1
TX,1
LA,1
TX,1
OH,1
AR,1
AZ,1
TX,1
TX,1
PA,1
WI,1
FL,1
IL,1
TN,1
TN,1
MO,1
AL,1
MI,1
GA,1
TN,1
MS,1
IN,1
PA,1
TN,1
PA,1
TX,1
AZ,1
AZ,1
RI,1
TN,1
AZ,1
CA,1
DE,1
TN,1
CO,1
MO,1
PA,1
FL,1
WA,1
NC,1
AR,1
MS,1
AZ,1
FL,1
TN,1
TX,1
TX,1
TX,1
WA,1
PA,1
NM,1
TN,1
NV,1
OK,1
OK,1
MN,1
LA,1
NJ,1
CO,1
CA,1
CO,1
OH,1
AL,1
WA,1
TX,1
IL,1
FL,1
KY,1
NV,1
WA,1
NM,1
MS,1
SC,1
FL,1
CA,1
WV,1
OR,1
VA,1
IN,1
LA,1
LA,1
OR,1
MI,1
TX,1
NC,1
AZ,1
TX,1
MI,1
GA,1
ID,1
VA,1
CA,1
MO,1
VA,1
VA,1
IA,1
LA,1
IN,1
OR,1
WV,1
MS,1
IN,1
LA,1
SC,1
LA,1
LA,1
KY,1
FL,1
NC,1
CA,1
AL,1
NV,1
NY,1
IA,1
PA,1
NV,1
FL,1
NC,1
NJ,1
TN,1
IN,1
IL,1
MN,1
MO,1
MO,1
IL,1
TN,1
SD,1
CO,1
MS,1
MN,1
TX,1
TN,1
PA,1
MD,1
NC,1
OH,1
TX,1
AL,1
FL,1
PA,1
PA,1
FL,1
MI,1
PA,1
TX,1
PA,1
AZ,1
AL,1
IN,1
PA,1
SC,1
IN,1
OH,1
KY,1
TX,1
NC,1
IA,1
MA,1
MO,1
MD,1
FL,1
LA,1
KS,1
CA,1
TX,1
TX,1
IL,1
MI,1
GA,1
MO,1
VA,1
TN,1
NJ,1
IL,1
MD,1
AL,1
NM,1
FL,1
FL,1
OH,1
NV,1
TX,1
TX,1
AL,1
IL,1
KY,1
NC,1
MO,1
MO,1
TX,1
AL,1
MO,1
IL,1
CT,1
NC,1
LA,1
CA,1
NY,1
IL,1
NC,1
WI,1
CA,1
SC,1
CA,1
CA,1
CA,1
TN,1
OK,1
FL,1
NY,1
FL,1
TX,1
AR,1
AR,1
AZ,1
IL,1
WY,1
OH,1
CA,1
NC,1
MD,1
NY,1
FL,1
OH,1
AZ,1
CA,1
TX,1
MI,1
LA,1
KS,1
FL,1
TX,1
LA,1
IN,1
NV,1
IL,1
TX,1
CA,1
DC,1
OH,1
MS,1
FL,1
NC,1
VA,1
AK,1
TX,1
TX,1
AL,1
TX,1
MO,1
OK,1
IN,1
CA,1
PA,1
MD,1
KY,1
MA,1
CO,1
WV,1
TN,1
CO,1
OH,1
IL,1
NC,1
NC,1
AL,1
IL,1
NC,1
FL,1
FL,1
NV,1
TX,1
IL,1
ND,1
MO,1
WI,1
FL,1
FL,1
FL,1
GA,1
MD,1
NJ,1
FL,1
GA,1
MO,1
GA,1
IN,1
SC,1
CT,1
NC,1
NJ,1
AL,1
TN,1
NJ,1
PA,1
OK,1
LA,1
IL,1
TX,1
NY,1
SC,1
KS,1
VA,1
OH,1
MS,1
OR,1
GA,1
VA,1
TX,1
OH,1
SC,1
KY,1
FL,1
TX,1
MO,1
GA,1
AL,1
GA,1
IL,1
MS,1
MD,1
IL,1
OH,1
FL,1
FL,1
NC,1
SC,1
MT,1
CA,1
AL,1
WI,1
CA,1
CA,1
AL,1
CA,1
DC,1
LA,1
UT,1
TN,1
NY,1
KS,1
MA,1
TX,1
GA,1
PA,1
TX,1
PA,1
OH,1
KY,1
IA,1
TN,1
TN,1
IL,1
OH,1
TX,1
IN,1
MD,1
MS,1
GA,1
LA,1
AL,1
FL,1
FL,1
TX,1
LA,1
AK,1
IL,1
LA,1
TN,1
CA,1
DE,1
CA,1
MD,1
FL,1
NJ,1
PA,1
KY,1
AR,1
IN,1
CA,1
TN,1
SC,1
OK,1
WI,1
OH,1
OH,1
IA,1
DC,1
NH,1
OH,1
TX,1
TX,1
KY,1
FL,1
MD,1
NC,1
TX,1
SC,1
CA,1
GA,1
CO,1
LA,1
FL,1
AR,1
FL,1
IL,1
WI,1
PA,1
TN,1
MS,1
WV,1
TX,1
LA,1
CO,1
AL,1
NJ,1
AL,1
NY,1
TX,1
CA,1
CA,1
CA,1
KY,1
MS,1
NC,1
LA,1
IA,1
AL,1
TN,1
TN,1
TX,1
NC,1
IL,1
IN,1
TN,1
NC,1
VA,1
MI,1
WA,1
MD,1
NC,1
IN,1
OH,1
CA,1
SC,1
CA,1
IN,1
LA,1
PA,1
MO,1
OH,1
AL,1
CA,1
MD,1
NY,1
FL,1
IL,1
NC,1
UT,1
MO,1
MO,1
CA,1
AZ,1
WI,1
NY,1
CA,1
AL,1
CT,1
PA,1
IN,1
GA,1
CA,1
IA,1
FL,1
NC,1
SC,1
IL,1
FL,1
IL,1
VA,1
LA,1
MS,1
OR,1
PA,1
NJ,1
GA,1
IN,1
NC,1
IN,1
LA,1
LA,1
TX,1
IL,1
MO,1
AK,1
OH,1
TX,1
CA,1
AZ,1
DC,1
GA,1
WI,1
GA,1
CA,1
KY,1
MS,1
VA,1
OR,1
IA,1
MO,1
FL,1
MO,1
MS,1
FL,1
CA,1
MO,1
AL,1
MO,1
OH,1
NJ,1
TX,1
CA,1
IN,1
MD,1
NJ,1
TN,1
PA,1
AL,1
IL,1
CA,1
LA,1
IL,1
PA,1
TX,1
TN,1
IL,1
OR,1
TX,1
IL,1
NY,1
NH,1
AZ,1
IL,1
WA,1
LA,1
AR,1
IL,1
VA,1
TN,1
OH,1
NC,1
NC,1
MI,1
VA,1
MS,1
IL,1
IL,1
SC,1
WI,1
WA,1
MO,1
VA,1
FL,1
MO,1
MD,1
CA,1
TX,1
CA,1
CA,1
MD,1
TX,1
CO,1
PA,1
TX,1
MD,1
TN,1
OH,1
PA,1
IL,1
PA,1
GA,1
RI,1
NM,1
SC,1
SC,1
OH,1
OH,1
MI,1
MI,1
MI,1
TX,1
KY,1
OH,1
AZ,1
IL,1
MO,1
MO,1
OH,1
MI,1
AL,1
NC,1
IN,1
DC,1
GA,1
IN,1
WY,1
WA,1
MS,1
NY,1
AR,1
IL,1
NC,1
OH,1
NM,1
TN,1
OH,1
LA,1
AL,1
OK,1
MI,1
TN,1
NV,1
AZ,1
TX,1
MA,1
MI,1
SC,1
AR,1
CA,1
MO,1
CA,1
CA,1
PA,1
AL,1
AL,1
LA,1
IL,1
AL,1
KS,1
SC,1
KS,1
AL,1
VA,1
CA,1
UT,1
MD,1
AL,1
LA,1
CO,1
VA,1
MA,1
OK,1
AK,1
GA,1
MI,1
OH,1
LA,1
GA,1
AZ,1
TX,1
GA,1
IL,1
WA,1
LA,1
CA,1
PA,1
OH,1
TX,1
GA,1
TN,1
VA,1
TN,1
SC,1
MS,1
PA,1
GA,1
VA,1
KS,1
AL,1
SC,1
GA,1
MD,1
NJ,1
UT,1
MO,1
OH,1
WA,1
MI,1
NY,1
KY,1
PA,1
NC,1
WA,1
KS,1
OH,1
SC,1
NM,1
CA,1
IL,1
WA,1
TN,1
MI,1
CA,1
KY,1
NV,1
MD,1
NC,1
OH,1
GA,1
GA,1
OH,1
NC,1
OH,1
VA,1
AL,1
OH,1
NE,1
OK,1
MS,1
MO,1
AZ,1
TN,1
NM,1
AL,1
TX,1
NC,1
TN,1
IN,1
CA,1
MA,1
VA,1
WI,1
NC,1
MO,1
SC,1
MD,1
NV,1
NV,1
AR,1
OH,1
FL,1
WV,1
TX,1
OH,1
FL,1
IN,1
TN,1
MD,1
CA,1
CA,1
SC,1
WI,1
VA,1
VA,1
MO,1
FL,1
CA,1
CA,1
TX,1
AZ,1
NY,1
OH,1
AR,1
MO,1
OK,1
MI,1
MI,1
NC,1
MD,1
NC,1
CA,1
OH,1
TX,1
CT,1
CA,1
FL,1
WV,1
CT,1
AL,1
IL,1
MA,1
MS,1
GA,1
FL,1
NJ,1
IL,1
VA,1
MD,1
NV,1
NV,1
NV,1
MI,1
MI,1
AL,1
TX,1
IL,1
TX,1
MS,1
CA,1
CA,1
SC,1
NV,1
PA,1
MI,1
CA,1
NC,1
LA,1
CO,1
NJ,1
IL,1
OH,1
NY,1
SC,1
MI,1
TX,1
NY,1
IL,1
DC,1
NY,1
NY,1
KS,1
MS,1
LA,1
AK,1
CA,1
TN,1
CA,1
AL,1
MD,1
AZ,1
GA,1
TX,1
NM,1
CA,1
CA,1
AZ,1
MO,1
CA,1
MO,1
CA,1
CA,1
CA,1
CA,1
NJ,1
MO,1
CA,1
MS,1
FL,1
GA,1
IN,1
CA,1
TN,1
MO,1
NJ,1
NJ,1
CA,1
LA,1
AL,1
WI,1
KS,1
IL,1
LA,1
MO,1
CA,1
LA,1
IL,1
TN,1
CA,1
WA,1
CA,1
PA,1
AL,1
GA,1
FL,1
CA,1
NY,1
VA,1
CA,1
NC,1
NM,1
FL,1
FL,1
FL,1
TN,1
TX,1
TX,1
MD,1
OH,1
WI,1
MO,1
KS,1
MI,1
AL,1
OH,1
GA,1
MS,1
OH,1
CT,1
NM,1
TX,1
CT,1
TX,1
WI,1
FL,1
AL,1
AK,1
MS,1
MA,1
NJ,1
LA,1
GA,1
AL,1
NY,1
LA,1
FL,1
CA,1
CA,1
LA,1
GA,1
AL,1
TN,1
IN,1
IN,1
CA,1
MO,1
SC,1
MO,1
TN,1
OH,1
NY,1
LA,1
NY,1
OH,1
PA,1
CA,1
NC,1
TX,1
MI,1
CA,1
TN,1
AK,1
LA,1
AR,1
DE,1
MS,1
GA,1
WV,1
MS,1
OH,1
NY,1
MT,1
VA,1
VA,1
WA,1
MO,1
CA,1
MI,1
IL,1
TX,1
KY,1
OH,1
TX,1
FL,1
MO,1
FL,1
TX,1
WY,1
IN,1
NE,1
TX,1
LA,1
PA,1
IN,1
VA,1
MD,1
ID,1
CA,1
FL,1
GA,1
KS,1
PA,1
PA,1
MI,1
AR,1
GA,1
NY,1
CO,1
NC,1
NC,1
NY,1
NE,1
AZ,1
KY,1
WI,1
WI,1
OH,1
IL,1
TX,1
FL,1
IL,1
TN,1
CA,1
WA,1
VA,1
MD,1
CA,1
IN,1
DC,1
TX,1
AR,1
CO,1
IL,1
CA,1
MD,1
AK,1
OH,1
NY,1
PA,1
WA,1
GA,1
OH,1
CA,1
TX,1
AL,1
NC,1
MD,1
KY,1
GA,1
MD,1
NC,1
TN,1
TN,1
TX,1
NV,1
FL,1
TX,1
AL,1
FL,1
TX,1
GA,1
NY,1
LA,1
IL,1
MN,1
FL,1
IL,1
CT,1
CA,1
CA,1
NV,1
DE,1
AL,1
WI,1
PA,1
CA,1
MI,1
NJ,1
KS,1
AR,1
GA,1
PA,1
CA,1
FL,1
WI,1
OK,1
OH,1
TN,1
AL,1
VA,1
NY,1
VA,1
OH,1
NC,1
OH,1
TN,1
OH,1
CA,1
CA,1
OH,1
AL,1
CA,1
MA,1
OH,1
WA,1
KY,1
IL,1
IN,1
PA,1
PA,1
TN,1
UT,1
MD,1
UT,1
TX,1
CA,1
AK,1
IL,1
NY,1
LA,1
OH,1
AL,1
CO,1
PA,1
IL,1
NC,1
PA,1
IL,1
PA,1
NC,1
NV,1
MO,1
NJ,1
NC,1
CA,1
MO,1
AR,1
CA,1
CA,1
FL,1
IL,1
FL,1
MI,1
PA,1
MT,1
OH,1
CA,1
IN,1
AK,1
VA,1
AZ,1
WA,1
FL,1
TN,1
OH,1
WV,1
TX,1
MA,1
GA,1
AZ,1
GA,1
NV,1
PA,1
PA,1
VA,1
MO,1
TX,1
CA,1
WV,1
PA,1
AL,1
FL,1
LA,1
NY,1
FL,1
TX,1
NY,1
KY,1
MD,1
NY,1
TX,1
IL,1
IA,1
IL,1
MN,1
NC,1
MO,1
OH,1
VA,1
WI,1
NJ,1
MO,1
GA,1
AZ,1
TX,1
KY,1
CO,1
MI,1
OH,1
IL,1
AL,1
IL,1
SC,1
ID,1
TX,1
GA,1
NC,1
TX,1
MO,1
OH,1
OH,1
OH,1
AZ,1
CT,1
CA,1
IL,1
MD,1
MS,1
OK,1
CT,1
WV,1
IL,1
NC,1
TN,1
AL,1
TX,1
VA,1
IA,1
NY,1
MD,1
VA,1
NY,1
AL,1
WV,1
MD,1
MI,1
MD,1
CA,1
FL,1
TN,1
FL,1
CA,1
GA,1
MD,1
TN,1
NC,1
CA,1
MS,1
FL,1
AL,1
LA,1
FL,1
FL,1
FL,1
CA,1
CA,1
CA,1
AZ,1
VA,1
TX,1
DE,1
VA,1
TX,1
MD,1
AR,1
AZ,1
AL,1
NC,1
NY,1
CA,1
NY,1
OH,1
SC,1
MO,1
CA,1
CA,1
GA,1
FL,1
NC,1
MO,1
OH,1
DE,1
CA,1
VA,1
CO,1
NY,1
NY,1
PA,1
LA,1
LA,1
AR,1
PA,1
AZ,1
FL,1
LA,1
IL,1
PA,1
AZ,1
MS,1
CO,1
NY,1
CA,1
MD,1
CA,1
FL,1
FL,1
SC,1
TX,1
TX,1
CA,1
AZ,1
FL,1
WV,1
TX,1
LA,1
KY,1
NY,1
VA,1
SC,1
FL,1
CA,1
TN,1
IL,1
TX,1
TN,1
FL,1
TX,1
CT,1
CA,1
OK,1
TX,1
KY,1
AZ,1
TN,1
KY,1
NJ,1
MT,1
IL,1
WA,1
CA,1
WA,1
LA,1
PA,1
WA,1
IL,1
FL,1
WA,1
PA,1
PA,1
VA,1
CA,1
GA,1
TN,1
MO,1
NV,1
MD,1
IN,1
TX,1
MD,1
OK,1
MI,1
KS,1
NM,1
IN,1
CA,1
TX,1
GA,1
GA,1
IL,1
IL,1
FL,1
DC,1
MO,1
LA,1
MD,1
AZ,1
AR,1
TX,1
MA,1
WA,1
WI,1
LA,1
NY,1
GA,1
OK,1
FL,1
NV,1
CT,1
GA,1
GA,1
WA,1
FL,1
LA,1
AL,1
IL,1
MO,1
TN,1
TN,1
GA,1
PA,1
NV,1
MS,1
WA,1
FL,1
NY,1
KY,1
ME,1
GA,1
NC,1
GA,1
MS,1
PA,1
CA,1
MS,1
OH,1
NC,1
AZ,1
TX,1
OH,1
MS,1
CA,1
MS,1
ME,1
NC,1
MN,1
CA,1
AL,1
NJ,1
AZ,1
OH,1
OH,1
OH,1
AL,1
OH,1
SC,1
IN,1
AL,1
CA,1
AK,1
WA,1
FL,1
OR,1
NY,1
MD,1
IN,1
NM,1
CA,1
GA,1
NY,1
FL,1
NC,1
SC,1
FL,1
CO,1
TX,1
MI,1
FL,1
IL,1
FL,1
NY,1
PA,1
PA,1
FL,1
GA,1
CO,1
IN,1
FL,1
CA,1
AL,1
NJ,1
TN,1
SC,1
TX,1
IL,1
OH,1
PA,1
WV,1
TN,1
TX,1
SC,1
WI,1
NY,1
IN,1
NC,1
FL,1
MN,1
MS,1
MI,1
NC,1
SC,1
PA,1
MD,1
OH,1
PA,1
TX,1
MI,1
MI,1
MS,1
LA,1
ID,1
NC,1
VA,1
CA,1
MO,1
NC,1
FL,1
PA,1
CA,1
CA,1
FL,1
PA,1
MD,1
MD,1
LA,1
LA,1
MO,1
OH,1
TX,1
NM,1
AL,1
AZ,1
NC,1
IN,1
IN,1
PA,1
IL,1
SC,1
MN,1
IN,1
CO,1
IL,1
MO,1
PA,1
GA,1
CA,1
NH,1
PA,1
CA,1
SC,1
FL,1
MD,1
MA,1
GA,1
CT,1
OR,1
AL,1
PA,1
IL,1
TN,1
DC,1
OK,1
TX,1
MA,1
TX,1
TX,1
NC,1
CA,1
NC,1
AZ,1
MS,1
OH,1
NY,1
NC,1
NC,1
LA,1
IL,1
CA,1
MD,1
AL,1
TX,1
NJ,1
AK,1
VA,1
CA,1
TX,1
OH,1
AL,1
MO,1
IL,1
LA,1
FL,1
MS,1
MO,1
MD,1
MD,1
SC,1
KS,1
TX,1
LA,1
FL,1
MS,1
AZ,1
AR,1
TX,1
OH,1
LA,1
CA,1
IL,1
PA,1
FL,1
WA,1
WA,1
NY,1
MO,1
MO,1
CA,1
CA,1
NY,1
IL,1
CA,1
OK,1
VA,1
CA,1
SC,1
FL,1
FL,1
KS,1
OK,1
CA,1
MS,1
MD,1
DC,1
TX,1
OH,1
LA,1
IN,1
AR,1
KY,1
TN,1
TX,1
MS,1
MD,1
OH,1
FL,1
MO,1
MD,1
AL,1
CA,1
IL,1
GA,1
NY,1
VA,1
PA,1
CA,1
IN,1
OR,1
WA,1
TN,1
IL,1
OH,1
VA,1
NM,1
AK,1
CA,1
NM,1
CA,1
MD,1
CA,1
PA,1
KS,1
OH,1
CO,1
PA,1
FL,1
FL,1
KY,1
CA,1
AL,1
AL,1
CA,1
MO,1
LA,1
IL,1
IL,1
DC,1
MD,1
VA,1
MI,1
OK,1
AR,1
PA,1
MI,1
NY,1
IL,1
OH,1
GA,1
NC,1
TN,1
TX,1
PA,1
NY,1
FL,1
AL,1
CA,1
FL,1
TX,1
MO,1
OH,1
NY,1
MD,1
PA,1
IN,1
TX,1
DE,1
VA,1
IL,1
DC,1
DC,1
CA,1
GA,1
AL,1
AL,1
TN,1
TX,1
NC,1
CA,1
MO,1
KS,1
MO,1
FL,1
DC,1
IL,1
CA,1
CO,1
MS,1
GA,1
NC,1
TX,1
OH,1
LA,1
LA,1
TX,1
CA,1
VA,1
CA,1
OK,1
OK,1
TX,1
KY,1
GA,1
FL,1
VA,1
OH,1
GA,1
CA,1
CA,1
CT,1
IN,1
CA,1
AK,1
KS,1
NC,1
TX,1
TX,1
MS,1
MS,1
TX,1
WA,1
AL,1
OH,1
WA,1
CA,1
WA,1
NC,1
MD,1
MN,1
OH,1
CA,1
TN,1
WI,1
AR,1
MO,1
NV,1
VA,1
CA,1
TX,1
CA,1
NJ,1
MO,1
CO,1
TX,1
SC,1
MS,1
VA,1
FL,1
OH,1
MI,1
OH,1
CA,1
GA,1
TN,1
WV,1
TX,1
TX,1
MA,1
FL,1
SC,1
NV,1
NJ,1
WI,1
PA,1
SC,1
NJ,1
SC,1
VA,1
TX,1
OH,1
MS,1
IN,1
TN,1